,Feature,Fill_rate_percentage
213,historic_count_tube,0.07980845969672785
198,historic_count_overhang,0.11971268954509177
201,historic_count_pull_under,0.11971268954509177
209,historic_count_spinner,0.11971268954509177
184,historic_count_in_crawls_90tube,0.19952114924181963
216,historic_count_zipline,0.23942537909018355
188,historic_count_in_obsta_ball,0.23942537909018355
191,historic_count_in_obsta_punchbag,0.23942537909018355
189,historic_count_in_obsta_horiz_squeeze,0.27932960893854747
185,historic_count_in_crawls_cave,0.3192338387869114
193,historic_count_in_obsta_vert_squeeze,0.3591380686352753
210,historic_count_swing,0.3591380686352753
175,historic_count_climber,0.3591380686352753
202,historic_count_ramp,0.39904229848363926
183,historic_count_in_climbs_tube,0.4389465283320032
187,historic_count_in_crawls_tube,0.4788507581803671
144,historic_hour_4,0.4788507581803671
181,historic_count_in_climbs_moon,0.4788507581803671
190,historic_count_in_obsta_pendulum,0.5187549880287311
196,historic_count_in_slides_tube,0.5187549880287311
143,historic_hour_3,0.5586592178770949
203,historic_count_slide,0.5586592178770949
197,historic_count_in_slides_wave,0.5985634477254589
186,historic_count_in_crawls_spider,0.5985634477254589
192,historic_count_in_obsta_stump,0.6384676775738228
182,historic_count_in_climbs_triangle,0.6384676775738228
142,historic_hour_2,0.7182761372705506
195,historic_count_in_slides_spiral,0.9177972865123704
145,historic_hour_5,0.9976057462090981
171,historic_count_bridge,0.9976057462090981
141,historic_hour_1,1.5562649640861932
194,historic_count_in_slides_drop,1.5562649640861932
121,avg_impact_of_events_2000_meters,2.7094972067039107
109,neutral_events_500_meters,2.7094972067039107
107,positive_events_500_meters,2.7094972067039107
106,total_events_500_meters,2.7094972067039107
105,MonthYear,2.7094972067039107
104,material_conflict_events_across_state,2.7094972067039107
103,verbal_conflict_events_across_state,2.7094972067039107
122,verbal_cooperation_events_2000_meters,2.7094972067039107
101,verbal_cooperation_events_across_state,2.7094972067039107
100,avg_impact_of_events_across_state,2.7094972067039107
99,total_mentions_across_state,2.7094972067039107
108,negative_events_500_meters,2.7094972067039107
123,material_cooperation_events_2000_meters,2.7094972067039107
102,material_cooperation_events_across_state,2.7094972067039107
110,total_mentions_500_meters,2.7094972067039107
97,negative_events_across_state,2.7094972067039107
112,verbal_cooperation_events_500_meters,2.7094972067039107
124,verbal_conflict_events_2000_meters,2.7094972067039107
111,avg_impact_of_events_500_meters,2.7094972067039107
95,total_events_across_state,2.7094972067039107
96,positive_events_across_state,2.7094972067039107
125,material_conflict_events_2000_meters,2.7094972067039107
120,total_mentions_2000_meters,2.7094972067039107
98,neutral_events_across_state,2.7094972067039107
118,negative_events_2000_meters,2.7094972067039107
117,positive_events_2000_meters,2.7094972067039107
116,total_events_2000_meters,2.7094972067039107
115,material_conflict_events_500_meters,2.7094972067039107
114,verbal_conflict_events_500_meters,2.7094972067039107
113,material_cooperation_events_500_meters,2.7094972067039107
119,neutral_events_2000_meters,2.7094972067039107
140,historic_hour_0,2.9529130087789306
146,historic_hour_6,3.8707102952913006
163,historic_hour_23,4.8683160415004
162,historic_hour_22,9.896249002394255
147,historic_hour_7,11.652035115722265
161,historic_hour_21,15.881883479648842
234,historic_ws_below_2,16.36073423782921
227,historic_temp_under_40,16.87948922585794
233,historic_temp_over_90,18.036711891460495
177,historic_count_climber_playcube,19.632881085395052
212,historic_count_swing_tire,21.069433359936156
206,historic_count_slide_roller,21.189146049481245
148,historic_hour_8,21.268954509177973
174,historic_count_bridge_rope,25.738228252194734
214,historic_count_tube_curved,26.855546687948923
200,historic_count_overhang_rings,27.334397446129287
204,historic_count_slide_covered,28.13248204309657
242,historic_ws_above_16,28.810853950518755
228,historic_temp_40_to_50,28.890662410215484
178,historic_count_climber_rock,29.569034317637673
160,historic_hour_20,29.608938547486037
241,historic_ws_14_to_16,30.446927374301673
149,historic_hour_9,31.045490822027134
239,historic_ws_10_to_12,32.56185155626496
179,historic_count_climber_rope,32.60175578611333
225,historic_variety,34.277733439744615
218,historic_allages,34.63687150837989
224,historic_travel,34.87629688747007
221,historic_regular,34.91620111731844
172,historic_count_bridge_bars,35.075818036711894
217,historic_accessible,35.075818036711894
222,historic_revisit,35.63447725458899
226,historic_cloudy,35.794094173982444
205,historic_count_slide_multi,36.23304070231445
176,historic_count_climber_moulded,37.390263367917
240,historic_ws_12_to_14,37.50997605746209
152,historic_hour_12,38.467677573822826
150,historic_hour_10,38.547486033519554
159,historic_hour_19,38.8268156424581
229,historic_temp_50_to_60,39.34557063048683
223,historic_safety,39.50518754988029
220,historic_condition,39.58499600957702
151,historic_hour_11,39.66480446927375
153,historic_hour_13,39.74461292897047
219,historic_cleanliness,39.78451715881883
154,historic_hour_14,41.300877893056665
208,historic_count_slide_spiral,41.6999201915403
235,historic_ws_2_to_4,42.13886671987231
157,historic_hour_17,42.29848363926576
232,historic_temp_80_to_90,42.93695131683958
158,historic_hour_18,42.97685554668795
155,historic_hour_15,42.97685554668795
156,historic_hour_16,43.17637669592977
238,historic_ws_8_to_10,44.33359936153232
164,historic_weekday_0,44.772545889864325
166,historic_weekday_2,44.93216280925778
168,historic_weekday_4,45.69034317637669
167,historic_weekday_3,45.73024740622506
165,historic_weekday_1,45.73024740622506
230,historic_temp_60_to_70,45.96967278531524
237,historic_ws_6_to_8,47.1268954509178
169,historic_weekday_5,47.88507581803671
170,historic_weekday_6,48.0047885075818
231,historic_temp_70_to_80,48.84277733439745
236,historic_ws_4_to_6,48.882681564245814
215,historic_count_tube_straight,53.55147645650439
199,historic_count_overhang_bars,53.830806065442935
211,historic_count_swing_seated,55.38707102952913
173,historic_count_bridge_plank,56.58419792498005
207,historic_count_slide_single,59.417398244213885
180,historic_count_climber_step,59.656823623304064
133,historic_repeat_sessions_per_day,64.4852354349561
132,historic_repeat_sessions,64.4852354349561
135,historic_avg_session_length,64.4852354349561
136,historic_avg_light_activity,64.4852354349561
137,historic_avg_moderate_activity,64.4852354349561
138,historic_avg_vigorous_activity,64.4852354349561
139,historic_avg_mod_plus_vig,64.4852354349561
130,historic_unique_sessions,64.4852354349561
134,historic_total_session_length,64.4852354349561
128,historic_number_of_sessions,64.4852354349561
243,historic_rain,64.4852354349561
244,historic_clear,64.4852354349561
245,historic_foggy,64.4852354349561
127,days_since_first_sess,64.4852354349561
246,historic_snow,64.4852354349561
131,historic_unique_sessions_per_day,64.4852354349561
129,historic_sessions_per_day,64.4852354349561
247,target,98.76895450917797
86,monthly_hour_16,100.0
87,monthly_hour_17,100.0
88,monthly_hour_18,100.0
92,monthly_hour_22,100.0
90,monthly_hour_20,100.0
91,monthly_hour_21,100.0
85,monthly_hour_15,100.0
93,monthly_hour_23,100.0
89,monthly_hour_19,100.0
83,monthly_hour_13,100.0
80,monthly_hour_10,100.0
82,monthly_hour_12,100.0
81,monthly_hour_11,100.0
79,monthly_hour_9,100.0
78,monthly_hour_8,100.0
77,monthly_hour_7,100.0
76,monthly_hour_6,100.0
75,monthly_hour_5,100.0
74,monthly_hour_4,100.0
84,monthly_hour_14,100.0
73,monthly_hour_3,100.0
72,monthly_hour_2,100.0
60,monthly_avg_snow_length,100.0
70,monthly_hour_0,100.0
69,monthly_ws_above_16,100.0
68,monthly_ws_14_to_16,100.0
67,monthly_ws_12_to_14,100.0
66,monthly_ws_10_to_12,100.0
65,monthly_ws_8_to_10,100.0
64,monthly_ws_6_to_8,100.0
63,monthly_ws_4_to_6,100.0
62,monthly_ws_2_to_4,100.0
61,monthly_ws_below_2,100.0
48,monthly_avg_length_temp_70_to_80,100.0
59,monthly_avg_rain_length,100.0
58,monthly_avg_foggy_length,100.0
57,monthly_avg_clear_length,100.0
56,monthly_avg_cloudy_length,100.0
55,monthly_snow,100.0
54,monthly_rain,100.0
53,monthly_foggy,100.0
52,monthly_clear,100.0
51,monthly_cloudy,100.0
50,monthly_avg_length_over_90,100.0
49,monthly_avg_length_temp_80_to_90,100.0
71,monthly_hour_1,100.0
47,monthly_avg_length_temp_60_to_70,100.0
9,monthly_count_slide_single,100.0
11,monthly_count_slide_covered,100.0
43,monthly_over_90,100.0
42,monthly_temp_80_to_90,100.0
41,monthly_temp_70_to_80,100.0
40,monthly_temp_60_to_70,100.0
39,monthly_temp_50_to_60,100.0
38,monthly_temp_40_to_50,100.0
37,monthly_under_40,100.0
36,monthly_count_climber,100.0
34,monthly_count_pull_under,100.0
44,monthly_avg_length_under_40,100.0
24,monthly_count_swing_seated,100.0
32,monthly_count_climber_playcube,100.0
31,monthly_count_tube_curved,100.0
30,monthly_count_overhang_rings,100.0
29,monthly_count_climber_moulded,100.0
28,monthly_count_swing_tire,100.0
27,monthly_count_slide_multi,100.0
26,monthly_count_bridge_bars,100.0
25,monthly_count_bridge_rope,100.0
94,monthly_count_of_holidays,100.0
33,monthly_count_bridge,100.0
35,monthly_count_overhang,100.0
45,monthly_avg_length_temp_40_to_50,100.0
23,monthly_count_bridge_plank,100.0
20,monthly_count_ramp,100.0
19,monthly_count_slide_roller,100.0
18,monthly_count_slide_spiral,100.0
17,monthly_count_climber_rock,100.0
16,monthly_count_overhang_bars,100.0
15,monthly_count_climber_step,100.0
14,monthly_count_tube_straight,100.0
13,monthly_count_tube,100.0
12,monthly_count_slide,100.0
10,monthly_count_climber_rope,100.0
22,monthly_count_spinner,100.0
126,distance_to_nearest_bus_stop,100.0
8,monthly_avg_vigorous_activity,100.0
7,monthly_avg_moderate_activity,100.0
6,monthly_avg_light_activity,100.0
5,monthly_avg_length_of_session,100.0
4,monthly_repeated_sessions,100.0
3,monthly_unique_sessions,100.0
2,monthly_number_of_sessions,100.0
1,year,100.0
21,monthly_count_zipline,100.0
46,monthly_avg_length_temp_50_to_60,100.0
0,month,100.0
