loss,params,iteration,estimators,train_time
119.06012570745916,"{'boosting_type': 'goss', 'learning_rate': 0.03183805705025734, 'max_dept': 155.0, 'num_leaves': 200, 'objective': 'regression'}",0,1,45.30748915672302
120.2001396680912,"{'boosting_type': 'goss', 'learning_rate': 0.024214896327248357, 'max_dept': 100.0, 'num_leaves': 50, 'objective': 'regression'}",1,1,60.51671171188354
116.63639033871159,"{'boosting_type': 'goss', 'learning_rate': 0.06368097971321597, 'max_dept': 60.0, 'num_leaves': 150, 'objective': 'regression'}",2,1,89.21220993995667
118.01457262115477,"{'boosting_type': 'goss', 'learning_rate': 0.046370247251339126, 'max_dept': 60.0, 'num_leaves': 150, 'objective': 'regression'}",3,1,120.7913887500763
118.65667025507669,"{'boosting_type': 'gbdt', 'learning_rate': 0.0383698171002965, 'max_dept': 110.0, 'num_leaves': 150, 'objective': 'regression'}",4,1,165.15480709075928
120.21076759049046,"{'boosting_type': 'goss', 'learning_rate': 0.024050460617609765, 'max_dept': 115.0, 'num_leaves': 50, 'objective': 'regression'}",5,1,180.207524061203
120.39761563235136,"{'boosting_type': 'goss', 'learning_rate': 0.016083701327428673, 'max_dept': 180.0, 'num_leaves': 200, 'objective': 'regression'}",6,1,229.1041533946991
119.9647780704006,"{'boosting_type': 'dart', 'learning_rate': 0.020108895325379204, 'max_dept': 115.0, 'num_leaves': 300, 'objective': 'regression'}",7,1,311.10832977294916
118.97080217819945,"{'boosting_type': 'dart', 'learning_rate': 0.03735590575120143, 'max_dept': 125.0, 'num_leaves': 100, 'objective': 'regression'}",8,1,343.56074857711786
118.314331549126,"{'boosting_type': 'goss', 'learning_rate': 0.03862064318068387, 'max_dept': 160.0, 'num_leaves': 300, 'objective': 'regression'}",9,1,399.12776708602905
116.97737216277338,"{'boosting_type': 'goss', 'learning_rate': 0.05937573444340072, 'max_dept': 120.0, 'num_leaves': 150, 'objective': 'regression'}",10,1,430.82379817962646
120.54777635925768,"{'boosting_type': 'goss', 'learning_rate': 0.018842923052891866, 'max_dept': 150.0, 'num_leaves': 50, 'objective': 'regression'}",11,1,446.4933395385742
120.64505920322895,"{'boosting_type': 'dart', 'learning_rate': 0.017341979262825123, 'max_dept': 140.0, 'num_leaves': 50, 'objective': 'regression'}",12,1,464.8563361167908
121.06121204575169,"{'boosting_type': 'dart', 'learning_rate': 0.010927427841269216, 'max_dept': 165.0, 'num_leaves': 50, 'objective': 'regression'}",13,1,483.1551146507263
120.78574339566264,"{'boosting_type': 'gbdt', 'learning_rate': 0.01308419895509093, 'max_dept': 100.0, 'num_leaves': 100, 'objective': 'regression'}",14,1,514.1208255290985
113.43258433407179,"{'boosting_type': 'goss', 'learning_rate': 0.11342403147451176, 'max_dept': 60.0, 'num_leaves': 100, 'objective': 'regression'}",15,1,536.169278383255
120.74237013221328,"{'boosting_type': 'gbdt', 'learning_rate': 0.013660944433692049, 'max_dept': 110.0, 'num_leaves': 100, 'objective': 'regression'}",16,1,567.0609722137451
119.75946413926636,"{'boosting_type': 'goss', 'learning_rate': 0.02904894749464115, 'max_dept': 125.0, 'num_leaves': 70, 'objective': 'regression'}",17,1,586.3943014144897
105.9710610107674,"{'boosting_type': 'gbdt', 'learning_rate': 0.19327690355625385, 'max_dept': 120.0, 'num_leaves': 200, 'objective': 'regression'}",18,1,638.7233273983003
116.337399012404,"{'boosting_type': 'gbdt', 'learning_rate': 0.06433131242400676, 'max_dept': 150.0, 'num_leaves': 200, 'objective': 'regression'}",19,1,694.8493781089783
109.59484310192144,"{'boosting_type': 'gbdt', 'learning_rate': 0.18286933304884653, 'max_dept': 80.0, 'num_leaves': 70, 'objective': 'regression'}",20,1,716.7463750839232
110.13206750638292,"{'boosting_type': 'gbdt', 'learning_rate': 0.17441372326938293, 'max_dept': 80.0, 'num_leaves': 70, 'objective': 'regression'}",21,1,738.7803411483765
108.62344210094486,"{'boosting_type': 'gbdt', 'learning_rate': 0.19829388217352895, 'max_dept': 80.0, 'num_leaves': 70, 'objective': 'regression'}",22,1,760.7098286151886
112.20971884048001,"{'boosting_type': 'gbdt', 'learning_rate': 0.14207967150394338, 'max_dept': 80.0, 'num_leaves': 70, 'objective': 'regression'}",23,1,783.1862196922302
113.72543176754371,"{'boosting_type': 'gbdt', 'learning_rate': 0.09602674850347191, 'max_dept': 90.0, 'num_leaves': 200, 'objective': 'regression'}",24,1,838.3981792926787
113.84988463277814,"{'boosting_type': 'gbdt', 'learning_rate': 0.09450853364683033, 'max_dept': 195.0, 'num_leaves': 200, 'objective': 'regression'}",25,1,893.7160501480103
108.80687488554815,"{'boosting_type': 'gbdt', 'learning_rate': 0.1953662651127319, 'max_dept': 135.0, 'num_leaves': 70, 'objective': 'regression'}",26,1,915.5513944625854
109.23933986963749,"{'boosting_type': 'gbdt', 'learning_rate': 0.14363008021948953, 'max_dept': 95.0, 'num_leaves': 300, 'objective': 'regression'}",27,1,991.736953496933
114.82696807739887,"{'boosting_type': 'gbdt', 'learning_rate': 0.0826191295983259, 'max_dept': 75.0, 'num_leaves': 200, 'objective': 'regression'}",28,1,1047.8973138332367
112.18268470952371,"{'boosting_type': 'gbdt', 'learning_rate': 0.1424961303310572, 'max_dept': 50.0, 'num_leaves': 70, 'objective': 'regression'}",29,1,1070.4471762180326
111.4461557002072,"{'boosting_type': 'gbdt', 'learning_rate': 0.12409802039725125, 'max_dept': 135.0, 'num_leaves': 200, 'objective': 'regression'}",30,1,1125.411421060562
108.7329721115619,"{'boosting_type': 'dart', 'learning_rate': 0.1965449890796238, 'max_dept': 70.0, 'num_leaves': 70, 'objective': 'regression'}",31,1,1149.5113635063174
114.67171981616244,"{'boosting_type': 'gbdt', 'learning_rate': 0.08450457152216492, 'max_dept': 50.0, 'num_leaves': 200, 'objective': 'regression'}",32,1,1205.311403274536
117.52998771712342,"{'boosting_type': 'gbdt', 'learning_rate': 0.052427818939212646, 'max_dept': 90.0, 'num_leaves': 150, 'objective': 'regression'}",33,1,1249.4700236320496
110.26302731180306,"{'boosting_type': 'gbdt', 'learning_rate': 0.17235628996334396, 'max_dept': 105.0, 'num_leaves': 70, 'objective': 'regression'}",34,1,1271.5151941776276
112.52189179430292,"{'boosting_type': 'gbdt', 'learning_rate': 0.11080251246011727, 'max_dept': 65.0, 'num_leaves': 200, 'objective': 'regression'}",35,1,1326.723611831665
115.0370158696441,"{'boosting_type': 'dart', 'learning_rate': 0.07595804796539252, 'max_dept': 175.0, 'num_leaves': 300, 'objective': 'regression'}",36,1,1409.221428155899
109.57666517340185,"{'boosting_type': 'gbdt', 'learning_rate': 0.1548240930414499, 'max_dept': 195.0, 'num_leaves': 150, 'objective': 'regression'}",37,1,1451.067146062851
115.75792831576679,"{'boosting_type': 'gbdt', 'learning_rate': 0.07133594825463994, 'max_dept': 90.0, 'num_leaves': 200, 'objective': 'regression'}",38,1,1507.1738109588625
117.75789229791596,"{'boosting_type': 'dart', 'learning_rate': 0.04490504193834308, 'max_dept': 130.0, 'num_leaves': 300, 'objective': 'regression'}",39,1,1589.2449810504913
119.9574863560108,"{'boosting_type': 'gbdt', 'learning_rate': 0.026171750737345106, 'max_dept': 145.0, 'num_leaves': 70, 'objective': 'regression'}",40,1,1612.1364612579346
113.64483889894493,"{'boosting_type': 'goss', 'learning_rate': 0.12853262310055827, 'max_dept': 115.0, 'num_leaves': 50, 'objective': 'regression'}",41,1,1623.973261833191
117.32171179222868,"{'boosting_type': 'dart', 'learning_rate': 0.055042264035911725, 'max_dept': 105.0, 'num_leaves': 150, 'objective': 'regression'}",42,1,1669.8021383285522
114.70410272710991,"{'boosting_type': 'gbdt', 'learning_rate': 0.09569385447763762, 'max_dept': 170.0, 'num_leaves': 100, 'objective': 'regression'}",43,1,1700.8705577850342
111.56229544843544,"{'boosting_type': 'goss', 'learning_rate': 0.16287610806752315, 'max_dept': 55.0, 'num_leaves': 50, 'objective': 'regression'}",44,1,1713.390686750412
118.79892367556307,"{'boosting_type': 'gbdt', 'learning_rate': 0.03492817469633058, 'max_dept': 155.0, 'num_leaves': 200, 'objective': 'regression'}",45,1,1769.7387568950653
119.82775761506865,"{'boosting_type': 'dart', 'learning_rate': 0.021639248318871727, 'max_dept': 120.0, 'num_leaves': 300, 'objective': 'regression'}",46,1,1852.1380701065063
113.79633970238346,"{'boosting_type': 'goss', 'learning_rate': 0.10833385871772504, 'max_dept': 70.0, 'num_leaves': 100, 'objective': 'regression'}",47,1,1872.6297562122345
121.05526277965731,"{'boosting_type': 'gbdt', 'learning_rate': 0.010307501420310469, 'max_dept': 100.0, 'num_leaves': 70, 'objective': 'regression'}",48,1,1895.767988920212
106.41257097445052,"{'boosting_type': 'gbdt', 'learning_rate': 0.19723175004419624, 'max_dept': 185.0, 'num_leaves': 150, 'objective': 'regression'}",49,1,1936.7244935035706
116.27319601059315,"{'boosting_type': 'goss', 'learning_rate': 0.06828022421389679, 'max_dept': 190.0, 'num_leaves': 150, 'objective': 'regression'}",50,1,1969.2731149196625
117.69136158096487,"{'boosting_type': 'dart', 'learning_rate': 0.05040772032209208, 'max_dept': 180.0, 'num_leaves': 150, 'objective': 'regression'}",51,1,2015.3124067783358
118.45897958299723,"{'boosting_type': 'gbdt', 'learning_rate': 0.04082820622078457, 'max_dept': 185.0, 'num_leaves': 150, 'objective': 'regression'}",52,1,2059.74524974823
112.03072153868868,"{'boosting_type': 'gbdt', 'learning_rate': 0.12265867504802042, 'max_dept': 160.0, 'num_leaves': 150, 'objective': 'regression'}",53,1,2102.7103533744807
119.30362306582785,"{'boosting_type': 'goss', 'learning_rate': 0.030344554739135634, 'max_dept': 145.0, 'num_leaves': 150, 'objective': 'regression'}",54,1,2137.1558108329773
120.72511074065486,"{'boosting_type': 'gbdt', 'learning_rate': 0.012244015896965646, 'max_dept': 130.0, 'num_leaves': 200, 'objective': 'regression'}",55,1,2193.0053746700287
117.85987817908205,"{'boosting_type': 'gbdt', 'learning_rate': 0.060795333483070486, 'max_dept': 155.0, 'num_leaves': 50, 'objective': 'regression'}",56,1,2210.8521184921265
120.48989017950814,"{'boosting_type': 'dart', 'learning_rate': 0.015712552196200383, 'max_dept': 165.0, 'num_leaves': 150, 'objective': 'regression'}",57,1,2256.216275691986
110.4886205846623,"{'boosting_type': 'gbdt', 'learning_rate': 0.15512527354146846, 'max_dept': 200.0, 'num_leaves': 100, 'objective': 'regression'}",58,1,2285.950085401535
114.5826232105031,"{'boosting_type': 'goss', 'learning_rate': 0.08558804831166, 'max_dept': 120.0, 'num_leaves': 200, 'objective': 'regression'}",59,1,2322.863991498947
107.0000553707262,"{'boosting_type': 'gbdt', 'learning_rate': 0.1892594569023284, 'max_dept': 110.0, 'num_leaves': 150, 'objective': 'regression'}",60,1,2363.7949953079224
112.73579021572529,"{'boosting_type': 'gbdt', 'learning_rate': 0.10254915119311359, 'max_dept': 140.0, 'num_leaves': 300, 'objective': 'regression'}",61,1,2441.857201099396
113.78759272272957,"{'boosting_type': 'gbdt', 'learning_rate': 0.12619864894307942, 'max_dept': 175.0, 'num_leaves': 50, 'objective': 'regression'}",62,1,2459.3163375854488
118.83197173961756,"{'boosting_type': 'dart', 'learning_rate': 0.034536965043447075, 'max_dept': 130.0, 'num_leaves': 200, 'objective': 'regression'}",63,1,2518.83597946167
109.1043901592818,"{'boosting_type': 'gbdt', 'learning_rate': 0.1750886034224868, 'max_dept': 150.0, 'num_leaves': 100, 'objective': 'regression'}",64,1,2549.944849729538
106.82349820224873,"{'boosting_type': 'gbdt', 'learning_rate': 0.19165252520543347, 'max_dept': 110.0, 'num_leaves': 150, 'objective': 'regression'}",65,1,2594.5063247680664
110.95775082533122,"{'boosting_type': 'gbdt', 'learning_rate': 0.1366508274530848, 'max_dept': 95.0, 'num_leaves': 150, 'objective': 'regression'}",66,1,2640.2198066711426
109.41103388792294,"{'boosting_type': 'gbdt', 'learning_rate': 0.15701599197226496, 'max_dept': 115.0, 'num_leaves': 150, 'objective': 'regression'}",67,1,2681.8848297595982
112.41045594475729,"{'boosting_type': 'gbdt', 'learning_rate': 0.11772975097003692, 'max_dept': 125.0, 'num_leaves': 150, 'objective': 'regression'}",68,1,2724.661264181137
107.26514795197494,"{'boosting_type': 'gbdt', 'learning_rate': 0.18567833240695847, 'max_dept': 85.0, 'num_leaves': 150, 'objective': 'regression'}",69,1,2765.8626656532288
110.47178119780172,"{'boosting_type': 'gbdt', 'learning_rate': 0.14301938947023748, 'max_dept': 105.0, 'num_leaves': 150, 'objective': 'regression'}",70,1,2808.0091145038605
115.15330173419271,"{'boosting_type': 'gbdt', 'learning_rate': 0.07865897355942154, 'max_dept': 135.0, 'num_leaves': 200, 'objective': 'regression'}",71,1,2921.3008472919464
114.55203287069496,"{'boosting_type': 'gbdt', 'learning_rate': 0.09016248961256623, 'max_dept': 120.0, 'num_leaves': 150, 'objective': 'regression'}",72,1,2975.608334541321
108.14744723472536,"{'boosting_type': 'gbdt', 'learning_rate': 0.1654431549132049, 'max_dept': 115.0, 'num_leaves': 200, 'objective': 'regression'}",73,1,3040.5590484142303
112.82656161638495,"{'boosting_type': 'gbdt', 'learning_rate': 0.10149258164775274, 'max_dept': 100.0, 'num_leaves': 300, 'objective': 'regression'}",74,1,3137.8541419506073
106.50178653541204,"{'boosting_type': 'gbdt', 'learning_rate': 0.1960192339693318, 'max_dept': 140.0, 'num_leaves': 150, 'objective': 'regression'}",75,1,3185.1067790985107
113.36804149863428,"{'boosting_type': 'goss', 'learning_rate': 0.13306288641251207, 'max_dept': 165.0, 'num_leaves': 50, 'objective': 'regression'}",76,1,3207.615899562836
105.5339420968954,"{'boosting_type': 'gbdt', 'learning_rate': 0.1989273185737521, 'max_dept': 145.0, 'num_leaves': 200, 'objective': 'regression'}",77,1,3316.948192834854
112.27340507466141,"{'boosting_type': 'dart', 'learning_rate': 0.11386623003132408, 'max_dept': 200.0, 'num_leaves': 200, 'objective': 'regression'}",78,1,3445.9697439670563
107.82131914903587,"{'boosting_type': 'gbdt', 'learning_rate': 0.16958556301100564, 'max_dept': 160.0, 'num_leaves': 200, 'objective': 'regression'}",79,1,3535.966812610626
109.43348188286129,"{'boosting_type': 'gbdt', 'learning_rate': 0.14920812131249317, 'max_dept': 190.0, 'num_leaves': 200, 'objective': 'regression'}",80,1,3589.629613161087
115.68465695062544,"{'boosting_type': 'goss', 'learning_rate': 0.07222250481082204, 'max_dept': 145.0, 'num_leaves': 200, 'objective': 'regression'}",81,1,3627.845514297485
107.12172280454254,"{'boosting_type': 'gbdt', 'learning_rate': 0.1785029500362135, 'max_dept': 170.0, 'num_leaves': 200, 'objective': 'regression'}",82,1,3680.5994424819946
119.76920864533295,"{'boosting_type': 'gbdt', 'learning_rate': 0.0234677888830717, 'max_dept': 180.0, 'num_leaves': 200, 'objective': 'regression'}",83,1,3736.791449546814
118.18545469709322,"{'boosting_type': 'dart', 'learning_rate': 0.04794892139754434, 'max_dept': 170.0, 'num_leaves': 100, 'objective': 'regression'}",84,1,3769.334229469299
112.97663380992586,"{'boosting_type': 'gbdt', 'learning_rate': 0.10520499918370012, 'max_dept': 155.0, 'num_leaves': 200, 'objective': 'regression'}",85,1,3824.303273916245
118.12601037516924,"{'boosting_type': 'gbdt', 'learning_rate': 0.040744035817654754, 'max_dept': 135.0, 'num_leaves': 300, 'objective': 'regression'}",86,1,3904.007032155991
120.13944231435272,"{'boosting_type': 'goss', 'learning_rate': 0.019114523771669282, 'max_dept': 185.0, 'num_leaves': 200, 'objective': 'regression'}",87,1,3950.249707698822
117.59269102187737,"{'boosting_type': 'gbdt', 'learning_rate': 0.06502749069390855, 'max_dept': 150.0, 'num_leaves': 50, 'objective': 'regression'}",88,1,3968.154559135437
115.60071359702387,"{'boosting_type': 'dart', 'learning_rate': 0.09051128748335659, 'max_dept': 195.0, 'num_leaves': 70, 'objective': 'regression'}",89,1,3992.38123869896
116.87196374039844,"{'boosting_type': 'gbdt', 'learning_rate': 0.0578938181144386, 'max_dept': 145.0, 'num_leaves': 200, 'objective': 'regression'}",90,1,4049.3680336475372
112.017185892953,"{'boosting_type': 'gbdt', 'learning_rate': 0.13336462478617067, 'max_dept': 95.0, 'num_leaves': 100, 'objective': 'regression'}",91,1,4079.744019985199
105.50483472914866,"{'boosting_type': 'goss', 'learning_rate': 0.1993042005872385, 'max_dept': 85.0, 'num_leaves': 200, 'objective': 'regression'}",92,1,4102.187574148178
111.72735337100029,"{'boosting_type': 'goss', 'learning_rate': 0.12061408482768751, 'max_dept': 75.0, 'num_leaves': 200, 'objective': 'regression'}",93,1,4131.312715530396
108.42919298550731,"{'boosting_type': 'goss', 'learning_rate': 0.16187280893265008, 'max_dept': 55.0, 'num_leaves': 200, 'objective': 'regression'}",94,1,4156.5727672576895
109.45143162616344,"{'boosting_type': 'goss', 'learning_rate': 0.14898241675315588, 'max_dept': 105.0, 'num_leaves': 200, 'objective': 'regression'}",95,1,4190.2595994472495
119.34539685951174,"{'boosting_type': 'goss', 'learning_rate': 0.028467169579378407, 'max_dept': 70.0, 'num_leaves': 200, 'objective': 'regression'}",96,1,4241.5772030353555
112.41108744150328,"{'boosting_type': 'goss', 'learning_rate': 0.11216802602412501, 'max_dept': 85.0, 'num_leaves': 200, 'objective': 'regression'}",97,1,4278.196231842041
107.3047818207096,"{'boosting_type': 'goss', 'learning_rate': 0.176166140884753, 'max_dept': 65.0, 'num_leaves': 200, 'objective': 'regression'}",98,1,4309.1342844963065
120.77804571601892,"{'boosting_type': 'goss', 'learning_rate': 0.011623943596042224, 'max_dept': 85.0, 'num_leaves': 200, 'objective': 'regression'}",99,1,4362.2907094955435
120.38254199142843,"{'boosting_type': 'goss', 'learning_rate': 0.015449128607653689, 'max_dept': 130.0, 'num_leaves': 300, 'objective': 'regression'}",100,1,4438.3928582668295
116.40036539590176,"{'boosting_type': 'goss', 'learning_rate': 0.07854639312605087, 'max_dept': 125.0, 'num_leaves': 70, 'objective': 'regression'}",101,1,4508.649733543396
106.61251344056214,"{'boosting_type': 'goss', 'learning_rate': 0.18501559331308676, 'max_dept': 75.0, 'num_leaves': 200, 'objective': 'regression'}",102,1,4967.298134326935
113.05056477368518,"{'boosting_type': 'dart', 'learning_rate': 0.1382701498329503, 'max_dept': 90.0, 'num_leaves': 50, 'objective': 'regression'}",103,1,5067.795251607895
114.24608532823113,"{'boosting_type': 'goss', 'learning_rate': 0.08968266715576019, 'max_dept': 95.0, 'num_leaves': 200, 'objective': 'regression'}",104,1,5365.687597036363
112.31206395974077,"{'boosting_type': 'goss', 'learning_rate': 0.1291938893203027, 'max_dept': 100.0, 'num_leaves': 100, 'objective': 'regression'}",105,1,5578.5991327762595
113.63849344392513,"{'boosting_type': 'dart', 'learning_rate': 0.09708874676359548, 'max_dept': 60.0, 'num_leaves': 200, 'objective': 'regression'}",106,1,5965.289710998535
104.6863970116414,"{'boosting_type': 'goss', 'learning_rate': 0.19854868595644787, 'max_dept': 65.0, 'num_leaves': 300, 'objective': 'regression'}",107,1,6251.455908060075
108.38766310917651,"{'boosting_type': 'goss', 'learning_rate': 0.153768575270782, 'max_dept': 55.0, 'num_leaves': 300, 'objective': 'regression'}",108,1,6481.365256786346
117.02218138200381,"{'boosting_type': 'goss', 'learning_rate': 0.053239441757822484, 'max_dept': 65.0, 'num_leaves': 300, 'objective': 'regression'}",109,1,6798.4241001606
104.70102466218307,"{'boosting_type': 'goss', 'learning_rate': 0.19836943358254272, 'max_dept': 50.0, 'num_leaves': 300, 'objective': 'regression'}",110,1,6870.864415168762
107.49348886631569,"{'boosting_type': 'goss', 'learning_rate': 0.16447577236549302, 'max_dept': 50.0, 'num_leaves': 300, 'objective': 'regression'}",111,1,7137.38969707489
111.38506479283684,"{'boosting_type': 'goss', 'learning_rate': 0.11832884964101656, 'max_dept': 60.0, 'num_leaves': 300, 'objective': 'regression'}",112,1,7386.711402416229
120.53272198700216,"{'boosting_type': 'goss', 'learning_rate': 0.013775854248655506, 'max_dept': 55.0, 'num_leaves': 300, 'objective': 'regression'}",113,1,8053.6362240314475
118.71879526889963,"{'boosting_type': 'goss', 'learning_rate': 0.034068526061941336, 'max_dept': 75.0, 'num_leaves': 300, 'objective': 'regression'}",114,1,8422.662055969238
108.930271776444,"{'boosting_type': 'goss', 'learning_rate': 0.14730023461952982, 'max_dept': 50.0, 'num_leaves': 300, 'objective': 'regression'}",115,1,8860.070746183395
104.60599141156956,"{'boosting_type': 'goss', 'learning_rate': 0.19953453297249596, 'max_dept': 80.0, 'num_leaves': 300, 'objective': 'regression'}",116,1,8982.059403657913
112.80905643080601,"{'boosting_type': 'goss', 'learning_rate': 0.10169630826230823, 'max_dept': 70.0, 'num_leaves': 300, 'objective': 'regression'}",117,1,9473.550225257874
117.93545508141165,"{'boosting_type': 'goss', 'learning_rate': 0.04289765670473189, 'max_dept': 65.0, 'num_leaves': 300, 'objective': 'regression'}",118,1,9859.52148079872
115.2612926653923,"{'boosting_type': 'goss', 'learning_rate': 0.07338122528048194, 'max_dept': 80.0, 'num_leaves': 300, 'objective': 'regression'}",119,1,10165.294095754623
114.53395597039706,"{'boosting_type': 'goss', 'learning_rate': 0.08174745559411463, 'max_dept': 80.0, 'num_leaves': 300, 'objective': 'regression'}",120,1,10475.838675260544
116.26661402389038,"{'boosting_type': 'goss', 'learning_rate': 0.06185227181624445, 'max_dept': 65.0, 'num_leaves': 300, 'objective': 'regression'}",121,1,10934.805144071579
119.77418941752714,"{'boosting_type': 'goss', 'learning_rate': 0.02223786318000532, 'max_dept': 60.0, 'num_leaves': 300, 'objective': 'regression'}",122,1,11366.565508127213
112.27129606965714,"{'boosting_type': 'goss', 'learning_rate': 0.10796257854619112, 'max_dept': 70.0, 'num_leaves': 300, 'objective': 'regression'}",123,1,11671.299899816511
115.9387544345634,"{'boosting_type': 'goss', 'learning_rate': 0.06560683027273809, 'max_dept': 90.0, 'num_leaves': 300, 'objective': 'regression'}",124,1,11980.098885059355
106.01100154725106,"{'boosting_type': 'goss', 'learning_rate': 0.18237771676686393, 'max_dept': 55.0, 'num_leaves': 300, 'objective': 'regression'}",125,1,12257.018948316574
118.42612173190815,"{'boosting_type': 'goss', 'learning_rate': 0.03736128061903971, 'max_dept': 75.0, 'num_leaves': 300, 'objective': 'regression'}",126,1,12566.74436545372
120.21204556469364,"{'boosting_type': 'goss', 'learning_rate': 0.017349551358848265, 'max_dept': 50.0, 'num_leaves': 300, 'objective': 'regression'}",127,1,13068.71575331688
116.61639618859245,"{'boosting_type': 'goss', 'learning_rate': 0.05785787743103733, 'max_dept': 60.0, 'num_leaves': 300, 'objective': 'regression'}",128,1,13400.30703830719
119.89960789328748,"{'boosting_type': 'dart', 'learning_rate': 0.02701252699549255, 'max_dept': 80.0, 'num_leaves': 70, 'objective': 'regression'}",129,1,13473.999608039856
111.11846367207953,"{'boosting_type': 'goss', 'learning_rate': 0.17028034455501032, 'max_dept': 90.0, 'num_leaves': 50, 'objective': 'regression'}",130,1,13597.634627103806
110.54305196894856,"{'boosting_type': 'goss', 'learning_rate': 0.12822433497664007, 'max_dept': 70.0, 'num_leaves': 300, 'objective': 'regression'}",131,1,13933.082849979399
111.66415812775554,"{'boosting_type': 'goss', 'learning_rate': 0.1383673378495833, 'max_dept': 55.0, 'num_leaves': 100, 'objective': 'regression'}",132,1,14064.009770154951
117.43308186327849,"{'boosting_type': 'goss', 'learning_rate': 0.04857978266829499, 'max_dept': 85.0, 'num_leaves': 300, 'objective': 'regression'}",133,1,14376.6389670372
115.59604726044084,"{'boosting_type': 'dart', 'learning_rate': 0.06953780848206914, 'max_dept': 110.0, 'num_leaves': 300, 'objective': 'regression'}",134,1,14980.88065457344
111.20285431686321,"{'boosting_type': 'goss', 'learning_rate': 0.15767520583213399, 'max_dept': 50.0, 'num_leaves': 70, 'objective': 'regression'}",135,1,15200.326013326643
115.61353344917595,"{'boosting_type': 'goss', 'learning_rate': 0.09660954850878471, 'max_dept': 60.0, 'num_leaves': 50, 'objective': 'regression'}",136,1,15263.527814865112
118.93459585487548,"{'boosting_type': 'goss', 'learning_rate': 0.03164450558591146, 'max_dept': 100.0, 'num_leaves': 300, 'objective': 'regression'}",137,1,15652.99031114578
113.29899011534344,"{'boosting_type': 'dart', 'learning_rate': 0.11529796157448825, 'max_dept': 65.0, 'num_leaves': 100, 'objective': 'regression'}",138,1,15875.207478284836
114.05830172158493,"{'boosting_type': 'goss', 'learning_rate': 0.08723111061193087, 'max_dept': 75.0, 'num_leaves': 300, 'objective': 'regression'}",139,1,16181.094493389131
104.59034785033846,"{'boosting_type': 'goss', 'learning_rate': 0.19972641380659503, 'max_dept': 105.0, 'num_leaves': 300, 'objective': 'regression'}",140,1,16467.33512353897
109.372199694871,"{'boosting_type': 'goss', 'learning_rate': 0.14205503297676522, 'max_dept': 115.0, 'num_leaves': 300, 'objective': 'regression'}",141,1,16767.196966409687
109.6764253515938,"{'boosting_type': 'goss', 'learning_rate': 0.18158422102643548, 'max_dept': 105.0, 'num_leaves': 70, 'objective': 'regression'}",142,1,16819.163749456406
116.56026724024662,"{'boosting_type': 'dart', 'learning_rate': 0.08146230997646264, 'max_dept': 95.0, 'num_leaves': 50, 'objective': 'regression'}",143,1,17058.54563546181
107.46497342053308,"{'boosting_type': 'goss', 'learning_rate': 0.16481849935188223, 'max_dept': 95.0, 'num_leaves': 300, 'objective': 'regression'}",144,1,17248.449315309525
105.01510417067112,"{'boosting_type': 'goss', 'learning_rate': 0.19452296865577814, 'max_dept': 80.0, 'num_leaves': 300, 'objective': 'regression'}",145,1,17373.985954284668
104.77891928695642,"{'boosting_type': 'goss', 'learning_rate': 0.1974150955564928, 'max_dept': 100.0, 'num_leaves': 300, 'objective': 'regression'}",146,1,17662.78263568878
106.63017838023212,"{'boosting_type': 'goss', 'learning_rate': 0.17487979242952315, 'max_dept': 120.0, 'num_leaves': 300, 'objective': 'regression'}",147,1,17958.59709572792
110.84012279144648,"{'boosting_type': 'goss', 'learning_rate': 0.12472714794877347, 'max_dept': 110.0, 'num_leaves': 300, 'objective': 'regression'}",148,1,18254.89704608917
108.69986078177149,"{'boosting_type': 'goss', 'learning_rate': 0.15004450651819454, 'max_dept': 85.0, 'num_leaves': 300, 'objective': 'regression'}",149,1,18553.1729528904
110.13874549473834,"{'boosting_type': 'goss', 'learning_rate': 0.1329908397215513, 'max_dept': 70.0, 'num_leaves': 300, 'objective': 'regression'}",150,1,18795.367066621784
105.4126473829067,"{'boosting_type': 'goss', 'learning_rate': 0.18965941975099665, 'max_dept': 90.0, 'num_leaves': 300, 'objective': 'regression'}",151,1,18872.380657434464
107.87830843530321,"{'boosting_type': 'goss', 'learning_rate': 0.15985952105908197, 'max_dept': 65.0, 'num_leaves': 300, 'objective': 'regression'}",152,1,19168.561998844147
113.82009862185909,"{'boosting_type': 'goss', 'learning_rate': 0.10800161473706428, 'max_dept': 80.0, 'num_leaves': 100, 'objective': 'regression'}",153,1,19401.530175685883
109.12807934408475,"{'boosting_type': 'goss', 'learning_rate': 0.1449497247494664, 'max_dept': 75.0, 'num_leaves': 300, 'objective': 'regression'}",154,1,19522.53809905052
104.58321744635359,"{'boosting_type': 'goss', 'learning_rate': 0.19981387712135354, 'max_dept': 105.0, 'num_leaves': 300, 'objective': 'regression'}",155,1,19760.681100845337
111.15758768456148,"{'boosting_type': 'goss', 'learning_rate': 0.12099735525745534, 'max_dept': 105.0, 'num_leaves': 300, 'objective': 'regression'}",156,1,20055.33343482017
110.29479571481879,"{'boosting_type': 'goss', 'learning_rate': 0.17185734506206607, 'max_dept': 125.0, 'num_leaves': 70, 'objective': 'regression'}",157,1,20069.33924937248
105.88908350839468,"{'boosting_type': 'goss', 'learning_rate': 0.183857003281384, 'max_dept': 115.0, 'num_leaves': 300, 'objective': 'regression'}",158,1,20355.33029460907
111.90234518798164,"{'boosting_type': 'goss', 'learning_rate': 0.15721880148898595, 'max_dept': 120.0, 'num_leaves': 50, 'objective': 'regression'}",159,1,20365.608843564987
104.62769085620786,"{'boosting_type': 'dart', 'learning_rate': 0.19926840725409187, 'max_dept': 110.0, 'num_leaves': 300, 'objective': 'regression'}",160,1,20962.18784284592
114.230121951685,"{'boosting_type': 'dart', 'learning_rate': 0.10227887614568232, 'max_dept': 130.0, 'num_leaves': 100, 'objective': 'regression'}",161,1,21254.119879007343
113.48439706489498,"{'boosting_type': 'dart', 'learning_rate': 0.0938608175818892, 'max_dept': 140.0, 'num_leaves': 300, 'objective': 'regression'}",162,1,21855.19775247574
109.74344190368437,"{'boosting_type': 'dart', 'learning_rate': 0.13766067183283112, 'max_dept': 110.0, 'num_leaves': 300, 'objective': 'regression'}",163,1,22456.440125703808
111.77832851379348,"{'boosting_type': 'dart', 'learning_rate': 0.1137229125936746, 'max_dept': 135.0, 'num_leaves': 300, 'objective': 'regression'}",164,1,23059.42760038376
110.43919309947769,"{'boosting_type': 'dart', 'learning_rate': 0.12944784479408147, 'max_dept': 100.0, 'num_leaves': 300, 'objective': 'regression'}",165,1,23663.29042983055
110.5166815086388,"{'boosting_type': 'dart', 'learning_rate': 0.16838250833958332, 'max_dept': 105.0, 'num_leaves': 70, 'objective': 'regression'}",166,1,23857.27377128601
112.4752276989736,"{'boosting_type': 'dart', 'learning_rate': 0.14773125835477663, 'max_dept': 110.0, 'num_leaves': 50, 'objective': 'regression'}",167,1,23966.239038944244
105.66792252612422,"{'boosting_type': 'dart', 'learning_rate': 0.18654547091487753, 'max_dept': 95.0, 'num_leaves': 300, 'objective': 'regression'}",168,1,24569.356594324112
107.43282826074378,"{'boosting_type': 'dart', 'learning_rate': 0.199519066573373, 'max_dept': 125.0, 'num_leaves': 100, 'objective': 'regression'}",169,1,24862.200300216675
106.16805039026406,"{'boosting_type': 'dart', 'learning_rate': 0.1804735532017633, 'max_dept': 115.0, 'num_leaves': 300, 'objective': 'regression'}",170,1,25464.449800014496
109.59395148493248,"{'boosting_type': 'dart', 'learning_rate': 0.15459538621070618, 'max_dept': 90.0, 'num_leaves': 150, 'objective': 'regression'}",171,1,25770.844425439835
114.99060921102793,"{'boosting_type': 'dart', 'learning_rate': 0.07649146699157947, 'max_dept': 130.0, 'num_leaves': 300, 'objective': 'regression'}",172,1,26374.587933063507
111.18344679970023,"{'boosting_type': 'dart', 'learning_rate': 0.12069385151633404, 'max_dept': 120.0, 'num_leaves': 300, 'objective': 'regression'}",173,1,26982.792068719864
108.56335763119915,"{'boosting_type': 'dart', 'learning_rate': 0.1992538685857491, 'max_dept': 135.0, 'num_leaves': 70, 'objective': 'regression'}",174,1,27262.70085668564
111.3191086118206,"{'boosting_type': 'dart', 'learning_rate': 0.16692857583727308, 'max_dept': 105.0, 'num_leaves': 50, 'objective': 'regression'}",175,1,27335.27305054665
110.22824536976195,"{'boosting_type': 'dart', 'learning_rate': 0.131934594802574, 'max_dept': 115.0, 'num_leaves': 300, 'objective': 'regression'}",176,1,27998.322186470028
117.77612303009329,"{'boosting_type': 'dart', 'learning_rate': 0.04469892543532432, 'max_dept': 140.0, 'num_leaves': 300, 'objective': 'regression'}",177,1,28655.7157087326
119.93421607563224,"{'boosting_type': 'goss', 'learning_rate': 0.024430324748020458, 'max_dept': 100.0, 'num_leaves': 100, 'objective': 'regression'}",178,1,28774.1888988018
120.89385377498358,"{'boosting_type': 'dart', 'learning_rate': 0.010753160783166805, 'max_dept': 85.0, 'num_leaves': 150, 'objective': 'regression'}",179,1,29100.119291305542
112.15559483098522,"{'boosting_type': 'goss', 'learning_rate': 0.10931351371069034, 'max_dept': 100.0, 'num_leaves': 300, 'objective': 'regression'}",180,1,29381.31266856193
120.47847210723391,"{'boosting_type': 'goss', 'learning_rate': 0.014380260620388285, 'max_dept': 95.0, 'num_leaves': 300, 'objective': 'regression'}",181,1,30223.409298419952
109.44581241857095,"{'boosting_type': 'goss', 'learning_rate': 0.1411831456258359, 'max_dept': 110.0, 'num_leaves': 300, 'objective': 'regression'}",182,1,30554.85908198357
120.33733559042706,"{'boosting_type': 'dart', 'learning_rate': 0.02066711415547328, 'max_dept': 125.0, 'num_leaves': 70, 'objective': 'regression'}",183,1,30613.69648599625
113.17663636016384,"{'boosting_type': 'goss', 'learning_rate': 0.09742575117734795, 'max_dept': 120.0, 'num_leaves': 300, 'objective': 'regression'}",184,1,30988.04266452789
110.93575692875326,"{'boosting_type': 'goss', 'learning_rate': 0.17334264338075697, 'max_dept': 90.0, 'num_leaves': 50, 'objective': 'regression'}",185,1,31155.063820600513
114.04727441250624,"{'boosting_type': 'goss', 'learning_rate': 0.08735836080859267, 'max_dept': 115.0, 'num_leaves': 300, 'objective': 'regression'}",186,1,31460.28049254417
120.75541291461515,"{'boosting_type': 'dart', 'learning_rate': 0.012451527153051544, 'max_dept': 105.0, 'num_leaves': 150, 'objective': 'regression'}",187,1,31767.7039206028
110.18798186480421,"{'boosting_type': 'goss', 'learning_rate': 0.1594382510660996, 'max_dept': 95.0, 'num_leaves': 100, 'objective': 'regression'}",188,1,31953.472303390503
116.93998963433106,"{'boosting_type': 'goss', 'learning_rate': 0.05417381564883105, 'max_dept': 120.0, 'num_leaves': 300, 'objective': 'regression'}",189,1,32361.52110385895
110.82046347388537,"{'boosting_type': 'dart', 'learning_rate': 0.12495837195275329, 'max_dept': 130.0, 'num_leaves': 300, 'objective': 'regression'}",190,1,32968.215874671936
120.25473974129974,"{'boosting_type': 'goss', 'learning_rate': 0.01687352729999058, 'max_dept': 150.0, 'num_leaves': 300, 'objective': 'regression'}",191,1,33556.30761218071
118.98196673293108,"{'boosting_type': 'goss', 'learning_rate': 0.04037323912798529, 'max_dept': 85.0, 'num_leaves': 70, 'objective': 'regression'}",192,1,33574.07920885087
105.43775262354328,"{'boosting_type': 'goss', 'learning_rate': 0.18935281574082788, 'max_dept': 90.0, 'num_leaves': 300, 'objective': 'regression'}",193,1,33865.64852309227
112.27374945767988,"{'boosting_type': 'dart', 'learning_rate': 0.15106236149325417, 'max_dept': 105.0, 'num_leaves': 50, 'objective': 'regression'}",194,1,33995.940254449844
111.50717153739029,"{'boosting_type': 'goss', 'learning_rate': 0.1168979054287576, 'max_dept': 110.0, 'num_leaves': 300, 'objective': 'regression'}",195,1,34435.205387115486
114.03385497345415,"{'boosting_type': 'goss', 'learning_rate': 0.10501651545789539, 'max_dept': 100.0, 'num_leaves': 100, 'objective': 'regression'}",196,1,34475.424793243415
