,unacast_session_count
42717,302.0
44319,796.0
13125,310.0
21024,472.0
10763,1194.0
48586,460.0
33838,353.0
40182,950.0
16068,354.0
38484,302.0
48224,726.0
4047,642.0
2347,374.0
22128,487.0
48587,771.0
27121,529.0
13681,393.0
25536,1300.0
8228,421.0
14079,639.0
30492,525.0
10519,668.0
26927,445.0
41178,703.0
23810,452.0
2939,813.0
16770,325.0
18723,344.0
4759,848.0
25270,337.0
1957,1817.0
7098,646.0
39562,322.0
24677,439.0
18375,356.0
48175,533.0
15540,2232.0
2801,741.0
19590,408.0
9684,684.0
47257,385.0
38028,571.0
14565,307.0
25839,630.0
12358,1242.0
46061,1313.0
11263,357.0
2802,617.0
26554,390.0
36796,462.0
28797,465.0
1663,446.0
42291,323.0
47866,587.0
26494,333.0
4268,482.0
19602,382.0
25353,1366.0
20700,341.0
18498,2434.0
43154,719.0
9745,498.0
5832,578.0
23894,3012.0
48717,486.0
12039,421.0
659,508.0
14610,345.0
26800,695.0
42158,342.0
4860,356.0
46805,1324.0
13086,483.0
8065,455.0
37009,584.0
36754,467.0
17121,641.0
12948,338.0
34426,340.0
31903,384.0
49145,474.0
10680,2691.0
32954,302.0
7806,328.0
8434,495.0
20634,400.0
42231,469.0
31005,394.0
3920,916.0
29717,539.0
14759,310.0
20671,572.0
33259,328.0
21501,507.0
1615,572.0
12013,418.0
11664,577.0
32677,409.0
25945,356.0
21474,435.0
28340,678.0
4931,335.0
27554,320.0
28801,629.0
19765,522.0
3079,504.0
3132,359.0
2146,1221.0
42312,387.0
20833,415.0
19329,340.0
6645,326.0
28446,728.0
26522,541.0
15717,1934.0
13972,976.0
2308,1301.0
5811,339.0
38093,732.0
23660,348.0
28739,696.0
30351,426.0
13484,865.0
14531,431.0
11015,653.0
27195,506.0
11779,355.0
25676,836.0
35712,424.0
32398,317.0
13783,526.0
25533,423.0
42823,1912.0
6767,565.0
46182,304.0
19175,1686.0
5469,427.0
28800,330.0
20527,354.0
15560,458.0
32371,319.0
21761,536.0
32217,306.0
18007,309.0
10043,1708.0
43063,339.0
24139,379.0
42292,361.0
11992,520.0
28304,455.0
4707,363.0
32935,376.0
31145,351.0
46242,1225.0
24993,956.0
12021,540.0
26308,670.0
8078,518.0
48316,472.0
44700,400.0
39763,347.0
14102,432.0
39009,3010.0
37966,1072.0
10541,1175.0
26796,409.0
8506,477.0
21821,1730.0
31758,519.0
48963,437.0
18734,2024.0
7140,481.0
21027,386.0
3080,307.0
20351,323.0
40795,867.0
32606,381.0
31487,451.0
15791,594.0
46994,458.0
42382,1033.0
47336,1558.0
38629,2370.0
33330,484.0
24204,1516.0
25224,3110.0
45815,425.0
49761,315.0
35611,493.0
48436,374.0
41562,438.0
36953,502.0
45862,397.0
1665,484.0
3270,699.0
11017,678.0
1736,389.0
7188,1530.0
38450,334.0
48058,431.0
27366,315.0
7581,321.0
16568,315.0
11574,505.0
27246,348.0
28197,447.0
42577,1057.0
27872,372.0
1278,316.0
6177,517.0
47448,488.0
7735,586.0
15533,602.0
7775,1173.0
45487,355.0
39504,370.0
19658,323.0
17538,362.0
34150,1359.0
48934,367.0
43547,427.0
37456,327.0
20859,1344.0
26380,349.0
9755,442.0
46722,428.0
28763,2707.0
2116,311.0
44468,539.0
31095,711.0
37774,558.0
9234,484.0
15715,363.0
11913,869.0
4837,3003.0
28445,1597.0
29979,558.0
20333,1753.0
13914,386.0
26032,1078.0
46761,727.0
34036,454.0
7915,373.0
20529,486.0
17992,439.0
46417,329.0
34479,836.0
25534,404.0
41241,3000.0
7849,3023.0
48433,482.0
21931,717.0
5738,2497.0
17285,373.0
16165,655.0
49770,339.0
42365,509.0
24874,318.0
23003,395.0
47420,314.0
29638,672.0
8846,785.0
24984,851.0
37175,511.0
6932,422.0
12321,750.0
8918,484.0
40882,343.0
20665,844.0
46159,1697.0
21823,1284.0
42160,379.0
179,1207.0
14960,312.0
47421,375.0
44829,327.0
9681,472.0
46704,1487.0
8165,320.0
22104,735.0
18631,2694.0
38227,325.0
40691,449.0
5078,613.0
12076,486.0
8066,633.0
532,1219.0
36215,378.0
2547,448.0
19749,1241.0
13235,756.0
25264,363.0
32904,555.0
6647,2317.0
34605,374.0
1767,802.0
20860,2162.0
3072,392.0
44372,311.0
45125,393.0
37874,668.0
46158,1731.0
4167,418.0
858,366.0
23227,1188.0
2419,356.0
1782,412.0
30453,1009.0
5046,320.0
7944,662.0
48649,413.0
16087,342.0
21874,684.0
12077,1307.0
9744,702.0
41279,774.0
1109,890.0
39834,470.0
41945,880.0
39526,301.0
7787,395.0
1637,559.0
6602,584.0
33763,3000.0
37103,340.0
10992,1014.0
26967,1294.0
48317,639.0
10465,327.0
9538,846.0
6440,360.0
33670,320.0
11541,629.0
37055,369.0
23475,493.0
50033,824.0
7097,764.0
5299,955.0
16540,330.0
11122,369.0
38589,343.0
6419,553.0
33344,577.0
19090,1922.0
28339,457.0
34199,513.0
35941,635.0
18168,1044.0
6303,631.0
32925,693.0
16494,306.0
22427,381.0
6156,3011.0
36018,915.0
31083,2542.0
22781,474.0
33394,475.0
6527,573.0
13265,1177.0
27201,490.0
21562,450.0
1215,763.0
6424,443.0
15630,716.0
31904,306.0
46336,452.0
31439,565.0
19181,373.0
18632,3035.0
42311,624.0
32906,675.0
45828,396.0
14862,825.0
20239,475.0
21655,700.0
38368,446.0
30470,413.0
46122,1095.0
30853,637.0
32937,344.0
42298,594.0
11055,443.0
27408,536.0
15566,345.0
33645,406.0
17582,347.0
23004,359.0
4745,482.0
16822,1028.0
42450,378.0
17283,508.0
9106,322.0
15444,984.0
2068,598.0
8504,302.0
18695,434.0
22201,672.0
30941,765.0
5905,813.0
16251,320.0
28744,666.0
2375,456.0
27038,3190.0
3326,1166.0
42893,1032.0
22749,484.0
37736,302.0
13450,386.0
45763,440.0
11455,481.0
4706,393.0
21103,577.0
23496,359.0
37205,669.0
23428,1462.0
14822,302.0
6702,624.0
38364,309.0
40113,405.0
547,479.0
11776,2751.0
23420,374.0
12075,474.0
35227,852.0
48569,458.0
7157,314.0
39369,433.0
20516,1044.0
18142,395.0
32921,317.0
30559,443.0
26030,2356.0
37400,537.0
7774,867.0
38187,378.0
6202,475.0
1269,2347.0
37062,354.0
29967,498.0
35233,338.0
8175,564.0
2948,956.0
28885,689.0
38749,430.0
21912,413.0
25242,396.0
26627,565.0
7408,709.0
40796,506.0
29570,512.0
1942,333.0
23897,3008.0
40158,463.0
24775,307.0
29035,551.0
5574,345.0
22638,361.0
31458,564.0
23476,463.0
26579,1290.0
48654,3706.0
23885,635.0
15458,356.0
7986,368.0
34480,580.0
11908,411.0
47710,419.0
11912,889.0
25838,506.0
38092,410.0
21763,507.0
18740,346.0
34135,2036.0
27700,558.0
34703,325.0
7283,611.0
16994,308.0
45945,334.0
17732,617.0
39357,1226.0
27304,337.0
47107,358.0
27953,394.0
23537,457.0
26777,553.0
38321,319.0
34494,462.0
27852,357.0
14269,1263.0
48969,2317.0
18015,619.0
18170,844.0
45912,333.0
43598,505.0
16721,336.0
43912,387.0
42161,355.0
27980,449.0
20880,305.0
32016,1254.0
44659,305.0
25485,550.0
33405,624.0
17020,335.0
49153,427.0
37241,1408.0
33495,360.0
41665,854.0
10725,403.0
9719,303.0
38769,382.0
31324,898.0
47253,375.0
8738,2645.0
21045,479.0
48594,457.0
1679,665.0
11998,638.0
17385,315.0
16585,511.0
42915,353.0
44216,446.0
13806,2893.0
366,395.0
2283,373.0
27874,466.0
21688,1123.0
47868,653.0
49861,679.0
3459,335.0
1110,458.0
42817,442.0
22878,1175.0
42847,370.0
21011,1853.0
23377,312.0
35445,1617.0
26198,326.0
35566,306.0
23232,350.0
39801,563.0
46840,775.0
11827,495.0
10278,3233.0
44912,466.0
19832,410.0
29887,368.0
27193,465.0
26309,509.0
13011,329.0
12683,348.0
33317,751.0
45909,621.0
5018,431.0
47013,721.0
11103,2496.0
5503,886.0
20826,382.0
30847,483.0
38108,931.0
42916,425.0
7853,454.0
14392,364.0
47164,416.0
20143,3017.0
1193,3010.0
37631,466.0
44988,927.0
5729,472.0
19656,540.0
47964,585.0
13971,1216.0
10632,372.0
6088,1538.0
23005,414.0
38917,486.0
28354,683.0
13853,346.0
39373,397.0
6418,444.0
11575,811.0
13264,1173.0
6382,325.0
45623,902.0
5837,388.0
21923,401.0
41527,305.0
40643,600.0
9912,361.0
44158,303.0
20140,1076.0
8851,839.0
40641,1484.0
33870,342.0
41722,970.0
45584,389.0
12322,463.0
7585,347.0
23714,472.0
6319,364.0
4164,3025.0
33146,318.0
6643,388.0
44887,312.0
24032,315.0
11909,430.0
26052,911.0
18329,387.0
22443,497.0
19653,446.0
17132,378.0
15974,413.0
33404,2242.0
26964,813.0
31249,419.0
37636,424.0
25225,3210.0
28496,745.0
13766,402.0
7373,412.0
2727,358.0
32282,510.0
34498,427.0
39629,411.0
10006,360.0
17265,415.0
31728,666.0
35232,397.0
21353,834.0
37802,491.0
26514,541.0
17250,414.0
31804,417.0
39277,348.0
10279,862.0
29593,430.0
12361,419.0
26645,417.0
16906,894.0
41880,686.0
34593,852.0
25537,397.0
25686,353.0
26496,1507.0
43422,346.0
12636,354.0
10314,401.0
2080,436.0
22680,324.0
11201,1355.0
21351,644.0
3154,582.0
5114,733.0
48095,535.0
33826,421.0
13453,1526.0
2951,368.0
39800,462.0
39359,1204.0
9989,519.0
20955,454.0
428,309.0
17737,489.0
28799,494.0
12694,1339.0
44276,607.0
43207,642.0
18845,3013.0
27245,388.0
29036,376.0
1226,322.0
5317,504.0
41900,308.0
30383,508.0
18216,504.0
13087,424.0
20632,616.0
25241,387.0
31438,677.0
35143,528.0
36348,2989.0
31942,430.0
26292,533.0
5546,1135.0
17123,499.0
3046,797.0
7185,3013.0
19445,344.0
38999,321.0
20374,570.0
48719,552.0
6050,501.0
27801,464.0
20375,875.0
31265,451.0
35915,306.0
25877,341.0
46804,910.0
34471,442.0
21026,407.0
21046,485.0
22777,485.0
11955,540.0
14994,577.0
9669,793.0
43138,418.0
38902,3116.0
35158,706.0
42131,457.0
42965,613.0
47989,984.0
14194,3027.0
44904,508.0
16062,1680.0
9104,443.0
3580,2338.0
19108,378.0
42446,507.0
28283,383.0
6867,3046.0
15790,414.0
29264,388.0
32971,560.0
13268,553.0
20141,356.0
19173,1133.0
15483,316.0
45967,577.0
18944,315.0
13089,638.0
6364,1822.0
25766,833.0
45509,1276.0
26294,661.0
37678,371.0
35711,423.0
3111,754.0
5740,1512.0
33022,551.0
8602,537.0
43546,461.0
42845,382.0
15355,369.0
6525,458.0
8842,620.0
23416,493.0
27853,399.0
40446,337.0
34603,362.0
24270,603.0
32397,341.0
9991,414.0
35834,388.0
43256,307.0
15532,653.0
42576,3001.0
2152,313.0
31507,456.0
18780,837.0
26155,569.0
23000,399.0
2539,302.0
5694,357.0
24223,1178.0
26969,475.0
5313,345.0
33522,2233.0
20466,485.0
31711,539.0
10727,579.0
8226,454.0
45953,670.0
44780,877.0
8087,316.0
3422,392.0
40578,383.0
17814,953.0
48950,715.0
10053,322.0
7241,3017.0
41898,327.0
47818,383.0
20352,599.0
44314,2170.0
44326,1316.0
3119,339.0
8364,1321.0
15674,584.0
47922,344.0
1944,341.0
27792,461.0
2297,330.0
8866,553.0
43384,330.0
45087,481.0
8535,947.0
23020,658.0
49450,1391.0
12782,951.0
10699,305.0
3283,386.0
30465,672.0
6535,601.0
10597,484.0
42293,360.0
36360,972.0
40881,537.0
43352,475.0
28007,474.0
24651,356.0
16720,427.0
27987,621.0
3093,730.0
23100,484.0
46231,1036.0
44861,378.0
48120,576.0
11370,777.0
21352,538.0
30938,1287.0
2849,751.0
17158,316.0
18582,302.0
23940,330.0
853,443.0
22109,950.0
46757,453.0
17996,377.0
16907,774.0
27713,3014.0
9685,459.0
26556,577.0
4078,374.0
43515,517.0
13913,655.0
1423,557.0
32666,331.0
29792,349.0
48631,1192.0
7030,1007.0
27748,1345.0
17789,911.0
15641,506.0
8567,520.0
2736,884.0
33940,326.0
5997,365.0
6898,512.0
29567,353.0
26730,589.0
16230,361.0
6270,628.0
15103,469.0
12351,529.0
967,861.0
48674,323.0
21741,421.0
3975,1505.0
32923,352.0
29888,549.0
42968,448.0
48187,491.0
725,992.0
37301,2082.0
5559,1729.0
37630,381.0
27037,940.0
21740,361.0
32360,957.0
28383,850.0
16654,606.0
10436,549.0
6658,355.0
40757,553.0
891,583.0
18116,338.0
26772,600.0
26602,483.0
40447,386.0
8843,739.0
43149,576.0
2298,613.0
29594,359.0
5659,366.0
7448,897.0
16321,562.0
48056,376.0
43289,349.0
20515,535.0
3659,313.0
10935,388.0
1421,586.0
39810,504.0
43909,387.0
14335,508.0
5393,721.0
10652,772.0
25705,352.0
13505,406.0
226,313.0
20180,1161.0
6831,330.0
41199,453.0
16750,500.0
38004,1553.0
34495,456.0
26051,823.0
39914,748.0
23685,2360.0
24672,558.0
39720,366.0
26463,1682.0
45146,386.0
29163,3009.0
7911,301.0
315,330.0
1513,432.0
43553,352.0
47963,652.0
10897,470.0
38557,331.0
12255,860.0
23622,315.0
37409,1416.0
30374,401.0
26877,1630.0
16223,520.0
13448,756.0
23844,368.0
37482,350.0
31982,1064.0
33677,854.0
14639,678.0
40746,450.0
13731,316.0
10724,517.0
48634,534.0
21551,838.0
31011,336.0
2889,533.0
34393,325.0
33043,897.0
23417,576.0
21553,997.0
36949,520.0
43667,1561.0
16652,760.0
10768,397.0
17204,668.0
41633,991.0
42580,3107.0
41943,685.0
2735,618.0
12254,669.0
37995,1925.0
450,315.0
2737,443.0
6368,309.0
33466,336.0
22197,370.0
35447,1726.0
9792,480.0
32013,737.0
8555,340.0
10735,578.0
34368,422.0
1133,406.0
13124,385.0
34496,364.0
32283,1972.0
17816,662.0
25201,337.0
34851,377.0
22595,416.0
8894,591.0
32144,353.0
48947,1239.0
6703,843.0
7284,623.0
13070,336.0
6705,631.0
25655,549.0
7090,466.0
41925,427.0
37961,316.0
8255,643.0
37817,1145.0
28009,778.0
18890,330.0
34424,301.0
40673,489.0
27202,576.0
22679,513.0
2784,395.0
27036,470.0
7770,318.0
45816,729.0
43179,316.0
29254,1276.0
34133,2820.0
31563,535.0
40595,804.0
32972,341.0
37762,315.0
5516,327.0
35825,534.0
47502,1984.0
2828,392.0
2093,746.0
25637,354.0
33327,309.0
8860,419.0
19937,304.0
44987,684.0
43135,413.0
45585,437.0
45470,650.0
15460,423.0
41610,370.0
17150,347.0
31489,424.0
20823,528.0
16044,712.0
1717,522.0
6766,312.0
15696,835.0
17776,546.0
47333,550.0
14059,341.0
31945,367.0
11494,542.0
35944,375.0
34201,361.0
13117,310.0
14725,387.0
45890,400.0
5395,577.0
38603,481.0
1105,466.0
26874,415.0
13020,1629.0
44053,2957.0
30914,956.0
18324,503.0
41635,1035.0
20211,344.0
43863,372.0
39916,685.0
4788,375.0
20673,335.0
22130,407.0
22975,647.0
29709,475.0
41773,315.0
23640,514.0
40451,514.0
2855,4000.0
28305,568.0
7773,313.0
21822,1105.0
47254,413.0
15558,387.0
24997,494.0
46893,1039.0
16855,309.0
6275,361.0
24628,355.0
634,1497.0
37206,321.0
10483,308.0
39178,359.0
9317,315.0
42232,625.0
35471,844.0
47503,310.0
15381,665.0
40895,442.0
5581,323.0
45993,335.0
44390,1936.0
17926,513.0
21132,795.0
9683,344.0
31712,672.0
49146,866.0
10898,431.0
5314,414.0
26987,620.0
46613,555.0
6441,998.0
4757,987.0
29643,467.0
22131,700.0
31098,435.0
46416,455.0
23771,1147.0
1022,418.0
15036,396.0
28704,518.0
9746,470.0
6837,367.0
7346,863.0
24915,324.0
43657,1037.0
37620,315.0
33045,1282.0
25898,330.0
28682,2783.0
46414,411.0
7433,3786.0
45499,3000.0
45488,453.0
47920,425.0
47330,370.0
10726,554.0
46479,2128.0
15061,2267.0
25611,335.0
969,1379.0
12357,467.0
45980,489.0
17917,419.0
46404,424.0
26046,373.0
12684,572.0
3423,525.0
48101,1105.0
34132,2272.0
34604,406.0
11656,307.0
32884,398.0
19171,309.0
29644,350.0
9180,398.0
2291,492.0
46288,514.0
42831,376.0
47234,560.0
6057,1804.0
1486,444.0
41631,484.0
20514,639.0
42625,333.0
20810,333.0
30598,397.0
39775,303.0
24221,1262.0
5275,498.0
22634,634.0
34625,464.0
26603,408.0
40886,334.0
14660,383.0
2946,1039.0
15068,699.0
2200,363.0
11918,343.0
30582,387.0
31267,513.0
1843,586.0
32524,319.0
31519,729.0
21948,434.0
12928,338.0
49893,705.0
10088,390.0
3518,374.0
35609,504.0
30757,922.0
5570,476.0
849,319.0
17395,444.0
12789,466.0
27208,809.0
47232,502.0
26580,931.0
8906,745.0
46273,499.0
5600,422.0
7760,475.0
13784,658.0
32166,537.0
36625,758.0
35901,395.0
2293,537.0
5737,305.0
33930,419.0
12161,646.0
45251,415.0
31559,771.0
14144,354.0
21689,644.0
22978,385.0
10295,326.0
43064,656.0
26985,366.0
14791,525.0
2007,761.0
44055,3007.0
19172,1102.0
37096,771.0
8609,697.0
46387,3002.0
21029,446.0
1027,411.0
1617,599.0
27742,341.0
10640,355.0
22429,416.0
1999,982.0
40534,328.0
27636,387.0
12175,617.0
27210,982.0
3461,387.0
27663,1080.0
34149,1056.0
49154,461.0
49089,1609.0
13558,331.0
40662,943.0
10259,323.0
38303,363.0
5620,349.0
28798,411.0
30852,2160.0
47942,316.0
9670,453.0
13164,408.0
28008,654.0
44803,301.0
23551,2262.0
15482,621.0
32927,467.0
31266,380.0
32274,377.0
23135,345.0
11917,345.0
31494,322.0
24363,330.0
37300,2402.0
24904,365.0
31469,396.0
46539,3038.0
21009,3032.0
13854,400.0
9568,305.0
2685,392.0
42045,326.0
1616,1558.0
31961,727.0
19538,432.0
38114,734.0
22959,330.0
13062,354.0
45124,422.0
36755,625.0
37528,492.0
5045,359.0
451,407.0
1147,404.0
25613,2301.0
49464,372.0
44718,348.0
42925,3052.0
25471,386.0
551,505.0
26578,1259.0
7243,2243.0
4554,310.0
37455,837.0
41907,302.0
12820,3013.0
22129,437.0
8614,1338.0
21762,592.0
45910,574.0
40640,1273.0
34541,433.0
31680,483.0
10042,855.0
22296,3834.0
15315,1014.0
21961,392.0
6268,791.0
30939,1500.0
27751,844.0
29236,1622.0
6155,3004.0
10280,1123.0
14061,391.0
18169,704.0
6302,379.0
23228,1340.0
36162,305.0
20954,445.0
6184,1065.0
17372,3199.0
45212,391.0
33282,574.0
588,820.0
27798,309.0
148,315.0
9717,394.0
13565,1899.0
29360,302.0
5256,306.0
28892,3020.0
47342,338.0
27148,301.0
5975,419.0
22830,442.0
15786,919.0
18630,2963.0
37164,699.0
11147,408.0
10420,880.0
48653,681.0
31012,388.0
11923,313.0
7272,750.0
48254,454.0
31093,621.0
30617,2406.0
21456,521.0
43922,2700.0
23267,308.0
41389,379.0
12927,334.0
8366,647.0
42918,412.0
36347,2026.0
25674,919.0
30242,3247.0
44935,327.0
18764,483.0
47889,368.0
41965,302.0
16114,329.0
28648,2632.0
18172,425.0
46703,407.0
17672,565.0
7547,388.0
47909,1091.0
35921,301.0
34074,2041.0
15353,459.0
37527,717.0
25117,317.0
22319,323.0
2748,2059.0
20265,375.0
44350,370.0
9295,1698.0
20939,719.0
39587,352.0
46286,352.0
37621,340.0
37509,1905.0
46909,556.0
22880,1736.0
38452,381.0
17485,331.0
31562,1369.0
40414,2260.0
17963,1331.0
45246,798.0
16064,1081.0
36727,482.0
47936,324.0
38002,1069.0
40847,2091.0
28501,1640.0
6694,446.0
26915,1067.0
3805,1581.0
10995,342.0
40185,639.0
35536,526.0
49835,757.0
23548,1408.0
17430,330.0
11793,357.0
39448,528.0
3280,1490.0
23795,2882.0
43983,309.0
7248,397.0
17254,327.0
20940,674.0
4746,644.0
8229,510.0
19503,449.0
29793,328.0
12790,354.0
35782,559.0
20452,459.0
4762,609.0
41663,422.0
42923,3025.0
21025,341.0
46806,751.0
30851,1555.0
16536,594.0
22726,582.0
36196,1356.0
40226,484.0
17634,437.0
23540,681.0
16624,1286.0
27018,455.0
34163,305.0
29973,923.0
48212,361.0
3839,484.0
30491,344.0
28004,2557.0
31202,348.0
37334,586.0
11199,859.0
42407,413.0
2015,389.0
45489,319.0
45889,658.0
14992,405.0
17984,588.0
243,309.0
11997,780.0
29969,1217.0
3980,517.0
8312,488.0
7719,333.0
8001,398.0
47438,669.0
10169,392.0
38172,3002.0
2947,1183.0
5501,508.0
16653,887.0
46851,738.0
46823,390.0
9697,450.0
2824,752.0
22861,394.0
42819,388.0
1273,636.0
22676,464.0
34425,324.0
2906,500.0
506,442.0
36385,330.0
19591,453.0
15206,493.0
9238,2914.0
32905,452.0
49244,516.0
28493,608.0
31886,321.0
792,706.0
24127,3013.0
40687,707.0
37622,315.0
4166,2843.0
35958,304.0
18427,363.0
15445,1037.0
43557,2440.0
31122,494.0
49358,2313.0
1953,396.0
587,1477.0
33328,348.0
22224,457.0
47335,3025.0
4724,355.0
4168,545.0
12453,336.0
36733,318.0
37483,610.0
23046,491.0
15067,1199.0
26245,488.0
33635,2997.0
28740,1057.0
35653,313.0
30467,308.0
39407,421.0
14532,304.0
1021,1031.0
5996,335.0
28753,407.0
46611,389.0
27442,590.0
35629,679.0
34070,529.0
39075,404.0
3823,3011.0
18217,522.0
26174,515.0
3045,787.0
4929,366.0
30027,589.0
20907,306.0
20192,3228.0
37162,782.0
21091,2522.0
17134,378.0
45746,419.0
41753,315.0
48951,428.0
12693,2007.0
38367,1043.0
9294,1604.0
180,1056.0
27122,642.0
36842,423.0
2299,615.0
35537,466.0
34566,398.0
22635,387.0
1727,504.0
18732,2905.0
48100,1587.0
15716,594.0
8313,478.0
41174,1224.0
553,460.0
40448,721.0
1517,384.0
30202,307.0
27677,493.0
13078,2911.0
13482,374.0
27209,1237.0
30249,311.0
1276,319.0
45740,473.0
43136,485.0
35713,430.0
6646,347.0
21092,2016.0
25463,427.0
30651,343.0
3566,357.0
31757,876.0
49834,457.0
23021,1796.0
27430,442.0
29,471.0
46429,390.0
2520,323.0
19182,497.0
1680,614.0
28338,740.0
11860,519.0
5763,321.0
3640,329.0
43504,700.0
31518,670.0
24620,362.0
47543,371.0
24430,313.0
38139,312.0
42162,542.0
1412,527.0
13804,2895.0
3279,1252.0
29645,463.0
9754,451.0
22317,349.0
47447,338.0
37058,1845.0
23656,418.0
10419,1190.0
39825,468.0
29290,1681.0
20603,2051.0
38569,1050.0
26497,1546.0
32982,875.0
2854,456.0
10082,346.0
7872,344.0
1126,829.0
45248,841.0
48652,555.0
41327,1217.0
49847,474.0
3426,442.0
26998,581.0
8307,385.0
32769,1157.0
14434,460.0
8836,1060.0
37635,415.0
8739,2547.0
22690,1025.0
44565,355.0
26299,511.0
43381,1248.0
37954,313.0
48961,319.0
31526,808.0
26355,511.0
31440,790.0
8108,401.0
9990,480.0
13552,392.0
48806,320.0
35421,3093.0
32361,3119.0
1784,869.0
31232,301.0
39069,339.0
19514,602.0
1130,458.0
5486,602.0
6533,603.0
47832,368.0
18606,456.0
42180,628.0
38109,673.0
16650,806.0
19110,324.0
15986,358.0
28419,572.0
47332,750.0
30696,447.0
42235,1555.0
41944,736.0
15694,362.0
37098,923.0
49699,821.0
33678,745.0
15751,315.0
17264,366.0
32678,1103.0
48544,521.0
10737,371.0
28752,407.0
22875,1301.0
33827,499.0
189,335.0
11310,340.0
43582,513.0
1357,3186.0
43944,3075.0
2498,969.0
12300,406.0
14195,418.0
49355,619.0
32098,464.0
3707,2717.0
31092,605.0
29845,763.0
23961,368.0
23486,3003.0
544,430.0
11780,607.0
12501,497.0
49854,357.0
13694,2317.0
28307,501.0
49353,3043.0
27099,3149.0
2079,517.0
23896,2976.0
18495,1543.0
4773,367.0
29718,472.0
6755,908.0
119,419.0
26176,388.0
11101,492.0
46445,443.0
42591,367.0
25122,322.0
48242,1993.0
16971,490.0
15675,373.0
33103,406.0
20951,1290.0
28006,613.0
43747,347.0
42415,305.0
39265,3025.0
24748,1817.0
5739,2415.0
35444,487.0
3512,457.0
12162,702.0
29060,370.0
41776,488.0
18444,337.0
22811,486.0
20750,810.0
3165,803.0
49170,368.0
7391,515.0
7772,1999.0
30197,454.0
41449,357.0
45046,369.0
36596,376.0
31506,471.0
29580,489.0
7881,510.0
31856,962.0
26031,3009.0
2292,494.0
41340,447.0
29981,542.0
17775,435.0
16466,533.0
33498,487.0
8615,1455.0
37526,532.0
33661,405.0
20425,1230.0
46322,434.0
37011,528.0
26049,457.0
25486,431.0
8568,335.0
21980,325.0
46325,721.0
14993,428.0
22294,1602.0
15407,394.0
48671,367.0
45741,515.0
20601,398.0
35714,448.0
42375,475.0
10891,356.0
37163,443.0
33679,328.0
25965,788.0
33842,486.0
11307,2688.0
43234,470.0
11238,1388.0
18843,698.0
27194,552.0
46850,375.0
25578,311.0
38255,656.0
48268,481.0
26611,602.0
7582,433.0
19952,759.0
43374,340.0
13564,2615.0
43548,324.0
31963,382.0
20979,307.0
33636,2757.0
32938,337.0
8306,392.0
33149,1477.0
7319,311.0
47589,3013.0
8498,335.0
21552,645.0
29670,319.0
10728,579.0
12903,1708.0
45624,823.0
2905,1935.0
14078,401.0
3581,2048.0
47112,1217.0
30,462.0
21428,1359.0
34967,338.0
48596,506.0
6906,436.0
47111,1632.0
41906,317.0
7122,385.0
45659,412.0
20456,309.0
2518,415.0
12780,996.0
19327,437.0
20952,472.0
49429,1769.0
3804,2880.0
10475,348.0
5580,323.0
18372,330.0
38526,454.0
38160,858.0
12704,475.0
13079,3020.0
19603,399.0
1862,924.0
44911,570.0
29404,396.0
6420,564.0
30649,543.0
16771,545.0
48959,325.0
31569,337.0
48209,503.0
43943,3041.0
3786,705.0
19691,315.0
21032,925.0
43625,323.0
1102,316.0
7155,341.0
3567,467.0
45294,473.0
48008,542.0
21102,456.0
38327,570.0
48643,345.0
45247,744.0
17154,303.0
46612,608.0
17699,831.0
6747,318.0
20168,359.0
13409,471.0
18041,1524.0
43002,351.0
10993,758.0
16264,357.0
28375,540.0
11102,2376.0
18709,319.0
7184,2683.0
30648,385.0
48827,446.0
11617,495.0
3787,1480.0
10747,336.0
37752,674.0
4735,357.0
36280,368.0
13081,648.0
11018,703.0
33261,317.0
12660,356.0
22326,517.0
42179,379.0
27491,425.0
5071,1765.0
3923,3011.0
3272,667.0
25445,2138.0
47230,370.0
30466,323.0
6563,310.0
17847,375.0
6781,385.0
22877,1022.0
40571,438.0
22699,740.0
13566,1251.0
47001,1769.0
44041,840.0
27807,2152.0
45762,403.0
42035,348.0
427,377.0
30243,3192.0
32017,1454.0
12160,997.0
43193,949.0
1049,627.0
2072,462.0
47334,391.0
2521,381.0
48326,358.0
29682,401.0
42963,370.0
40177,732.0
6720,1086.0
32076,3056.0
35839,381.0
46901,367.0
7691,304.0
45508,3088.0
16777,2527.0
36513,339.0
1873,570.0
9321,493.0
38743,319.0
10521,329.0
3460,524.0
9791,425.0
20530,903.0
44213,372.0
4165,2099.0
12706,323.0
864,428.0
20941,1080.0
36956,358.0
15925,319.0
33240,465.0
17248,434.0
8895,420.0
26825,508.0
35916,433.0
21962,544.0
30543,348.0
16783,640.0
18634,1614.0
35141,392.0
1716,323.0
19654,747.0
36950,397.0
38583,734.0
44142,314.0
33207,402.0
47424,554.0
6090,434.0
38619,529.0
46210,353.0
48714,1330.0
2776,406.0
22700,371.0
48363,539.0
41242,3012.0
2378,420.0
28502,1694.0
120,546.0
3211,842.0
29037,472.0
14798,1357.0
23222,393.0
38509,383.0
11684,319.0
48245,578.0
43611,683.0
5346,541.0
6572,327.0
13447,426.0
1101,375.0
29794,307.0
26689,536.0
24992,1218.0
10455,650.0
42924,1060.0
38326,1438.0
13824,348.0
33621,971.0
3822,3002.0
12815,686.0
12471,434.0
19043,421.0
7785,467.0
18751,479.0
20751,1164.0
24558,415.0
35226,704.0
42638,318.0
34596,315.0
13562,1641.0
45913,1879.0
44275,359.0
49357,2367.0
27260,653.0
43586,326.0
25464,678.0
49383,359.0
38875,751.0
42181,546.0
40688,433.0
47231,537.0
30639,480.0
266,308.0
24876,340.0
45658,612.0
5573,374.0
16870,419.0
6782,555.0
9471,691.0
5485,345.0
18633,3003.0
42048,308.0
13793,438.0
29175,3012.0
22401,430.0
23212,569.0
13557,895.0
32093,415.0
40075,376.0
28736,322.0
46944,754.0
27200,864.0
21047,407.0
30940,952.0
18083,551.0
46910,621.0
6539,417.0
49428,1602.0
18356,305.0
27116,336.0
23137,618.0
38883,349.0
24129,3006.0
25675,933.0
6603,602.0
531,1598.0
48655,394.0
29972,385.0
20432,1410.0
13131,416.0
49954,475.0
42806,318.0
28886,672.0
7943,340.0
29581,454.0
45468,515.0
5822,309.0
9682,400.0
42281,542.0
18712,950.0
28306,444.0
23550,2203.0
25541,365.0
48699,418.0
12326,373.0
7545,638.0
4760,873.0
31342,854.0
45373,333.0
2300,653.0
5838,393.0
44466,381.0
47262,386.0
726,541.0
8164,583.0
28952,449.0
22204,1100.0
32895,355.0
42455,376.0
30943,335.0
40639,1403.0
48102,1203.0
19222,594.0
5713,689.0
5782,487.0
2407,1343.0
41632,1302.0
8177,308.0
50018,3019.0
39419,359.0
7595,358.0
22677,561.0
39829,949.0
35631,455.0
48648,361.0
37161,437.0
34200,598.0
38628,1594.0
14159,557.0
14913,397.0
38575,482.0
38537,831.0
41341,405.0
4973,453.0
32108,363.0
49645,357.0
45959,786.0
48255,581.0
14792,426.0
15542,1404.0
856,464.0
39294,403.0
22698,303.0
20531,428.0
22108,644.0
25543,313.0
17700,451.0
16970,397.0
27490,364.0
649,684.0
31250,572.0
1689,1238.0
43059,368.0
47091,401.0
32626,483.0
28605,407.0
6269,484.0
44318,435.0
5969,548.0
38365,632.0
16765,609.0
37932,3046.0
6049,472.0
48588,451.0
6774,339.0
24364,302.0
5017,585.0
8541,989.0
3517,1253.0
16772,345.0
35189,315.0
38563,597.0
25202,605.0
38091,518.0
41596,710.0
11019,1242.0
11797,389.0
31263,372.0
41846,389.0
2309,1480.0
31525,675.0
25765,1609.0
49894,413.0
745,373.0
43055,343.0
15644,409.0
34436,331.0
46201,648.0
28382,488.0
23047,459.0
28436,326.0
43974,1082.0
15456,551.0
5714,461.0
11080,306.0
15975,464.0
26384,301.0
36294,392.0
862,524.0
22485,313.0
41281,347.0
181,1523.0
18043,396.0
41177,625.0
3820,1600.0
26249,711.0
22270,307.0
2427,452.0
30319,537.0
16224,756.0
26461,585.0
12150,424.0
13832,470.0
38596,420.0
48240,2308.0
39268,415.0
12624,351.0
41657,455.0
25388,639.0
45966,393.0
16992,337.0
25649,364.0
16863,403.0
26576,383.0
32245,534.0
48673,313.0
36405,749.0
41168,423.0
6920,592.0
44325,2367.0
38879,637.0
26143,451.0
36406,313.0
3070,332.0
39721,379.0
39358,719.0
20179,1724.0
24454,474.0
37104,550.0
3437,453.0
22958,588.0
41724,500.0
8852,359.0
40927,342.0
2428,337.0
19180,451.0
14724,371.0
24340,450.0
2071,456.0
16467,322.0
49836,317.0
29658,415.0
28202,467.0
37176,424.0
3424,358.0
42049,531.0
3583,332.0
45675,476.0
47524,472.0
4048,404.0
14768,727.0
30062,396.0
33650,3000.0
48548,517.0
24982,841.0
24559,335.0
2195,3015.0
16600,512.0
7186,3365.0
11027,1090.0
6366,399.0
42914,367.0
39000,536.0
12359,472.0
21008,2874.0
37299,2180.0
19044,561.0
379,318.0
16782,741.0
26465,1035.0
43556,1668.0
4423,356.0
47531,332.0
9231,3004.0
46060,1009.0
34853,1029.0
19524,336.0
5990,371.0
8569,592.0
17817,713.0
17648,327.0
32936,351.0
36069,365.0
49901,511.0
37532,303.0
31808,2574.0
31635,791.0
30382,543.0
32924,618.0
44327,2292.0
35877,368.0
34160,442.0
419,1346.0
40112,722.0
17979,1843.0
5557,1720.0
48080,349.0
7891,438.0
21697,531.0
47908,363.0
4777,495.0
12350,584.0
12703,323.0
44315,2655.0
861,411.0
22103,454.0
19383,349.0
26766,459.0
5124,572.0
10312,337.0
2008,3091.0
31681,382.0
47504,747.0
6605,1665.0
4307,1850.0
30599,372.0
38903,3040.0
37801,426.0
21600,360.0
23035,700.0
49465,419.0
9680,399.0
38868,788.0
11123,429.0
3421,371.0
24272,693.0
38830,343.0
2078,976.0
25907,386.0
35470,565.0
48549,344.0
20825,705.0
4930,339.0
2507,406.0
13010,518.0
15817,390.0
19955,762.0
20667,670.0
14290,301.0
21708,349.0
18428,474.0
39703,447.0
31678,670.0
46285,360.0
45552,491.0
24291,303.0
37818,3017.0
37057,1922.0
13517,550.0
14285,1162.0
16821,586.0
50019,738.0
20169,432.0
37479,783.0
28337,439.0
50035,349.0
43666,1678.0
6754,686.0
42911,406.0
16957,397.0
27302,485.0
32649,436.0
41723,669.0
5741,1504.0
39619,319.0
45524,366.0
26798,432.0
27108,389.0
3579,1629.0
22895,308.0
38483,424.0
6087,1158.0
14770,435.0
22293,2474.0
3677,379.0
46733,2650.0
2211,394.0
14864,531.0
6704,827.0
4255,1307.0
31,425.0
49083,603.0
37442,436.0
12906,1055.0
11642,2022.0
36166,302.0
45003,390.0
43923,1706.0
36628,659.0
10454,604.0
9131,383.0
3509,364.0
549,566.0
25830,304.0
8848,593.0
16263,532.0
2143,679.0
19091,350.0
27644,499.0
24678,594.0
23538,388.0
37800,362.0
10787,469.0
25976,314.0
16063,1090.0
33335,520.0
8556,419.0
7803,347.0
2301,505.0
40594,2230.0
13802,2282.0
41198,410.0
11631,605.0
1216,635.0
45715,1143.0
38880,786.0
37819,720.0
1405,781.0
27123,523.0
38998,548.0
32567,1380.0
37922,336.0
36463,305.0
11016,424.0
25708,312.0
27015,378.0
3676,405.0
26117,2304.0
1068,403.0
10723,463.0
44056,2680.0
29708,626.0
22974,458.0
4306,431.0
28689,440.0
17024,362.0
4650,687.0
8140,3002.0
1135,350.0
22633,458.0
27719,414.0
11348,320.0
20749,1060.0
39912,625.0
45280,381.0
48434,1493.0
23128,319.0
35446,1778.0
21977,493.0
12705,332.0
47918,324.0
4761,1001.0
6301,849.0
39088,499.0
38323,374.0
42230,678.0
16798,402.0
41463,454.0
32112,326.0
20827,371.0
1937,427.0
30635,346.0
41386,347.0
25465,583.0
15631,459.0
1212,664.0
27100,2171.0
15041,536.0
6502,775.0
39011,2832.0
22509,393.0
543,510.0
25354,1605.0
49957,584.0
21700,367.0
47923,355.0
45043,311.0
46160,1591.0
32883,307.0
2759,452.0
26581,702.0
41383,318.0
32391,575.0
39709,340.0
10386,403.0
8310,1589.0
187,884.0
42448,472.0
28384,1574.0
3679,520.0
26047,435.0
14197,569.0
30946,396.0
15382,338.0
38582,3750.0
18040,442.0
21873,3102.0
31375,327.0
48593,470.0
11432,587.0
48718,2738.0
23065,358.0
5394,486.0
13563,1242.0
36943,367.0
27949,688.0
47996,379.0
21244,491.0
46997,545.0
46157,1514.0
45240,1042.0
15354,492.0
30413,604.0
3817,304.0
40416,2806.0
44467,394.0
44465,640.0
29980,503.0
16029,357.0
23425,1584.0
38325,1626.0
49921,492.0
3502,703.0
37160,1004.0
33649,3055.0
13449,572.0
17122,3125.0
3706,3008.0
14762,378.0
49356,2443.0
31943,358.0
15643,477.0
42624,482.0
30227,1941.0
854,715.0
32541,560.0
47162,875.0
49860,446.0
8850,666.0
42966,588.0
42038,425.0
484,399.0
28483,337.0
2069,706.0
32940,394.0
22196,506.0
25017,347.0
6978,312.0
16751,435.0
19632,326.0
41151,427.0
18359,305.0
42171,418.0
1268,1435.0
3436,402.0
7240,2812.0
41263,379.0
36988,343.0
9256,310.0
39076,422.0
8230,452.0
38916,415.0
29974,1787.0
37321,573.0
19766,815.0
46852,353.0
18321,411.0
25883,366.0
49463,542.0
45992,514.0
26626,482.0
2541,394.0
39853,341.0
30931,1257.0
30551,302.0
48188,812.0
20906,410.0
22879,1707.0
31909,347.0
1544,365.0
6534,322.0
32768,2343.0
46702,342.0
633,2601.0
42926,996.0
26923,1277.0
38527,760.0
42447,535.0
42193,333.0
3769,314.0
16626,804.0
7099,532.0
21445,361.0
28441,467.0
48060,486.0
28236,354.0
25888,2230.0
36654,306.0
22206,861.0
855,613.0
10083,365.0
9233,508.0
49845,523.0
43555,362.0
15534,349.0
815,1959.0
20145,385.0
6318,321.0
27607,613.0
23063,308.0
1733,389.0
32015,2254.0
20824,462.0
28737,328.0
49312,428.0
8917,328.0
20267,360.0
30250,384.0
12870,317.0
27191,628.0
2212,380.0
38176,474.0
8617,1956.0
33044,1006.0
4267,471.0
22896,400.0
17506,329.0
21426,322.0
47405,3268.0
11433,453.0
10681,1368.0
44191,322.0
36629,483.0
39334,1787.0
15742,422.0
5772,343.0
39332,1599.0
46324,1197.0
31235,401.0
42233,644.0
12010,513.0
5070,744.0
44910,433.0
550,435.0
28252,302.0
5802,741.0
23231,328.0
10595,490.0
46321,476.0
262,342.0
21028,420.0
37908,576.0
31857,752.0
30845,464.0
22678,518.0
37322,305.0
42036,366.0
39420,530.0
32219,344.0
2067,328.0
11799,1041.0
14978,388.0
533,1545.0
420,3058.0
20908,341.0
13974,461.0
12470,313.0
34852,943.0
968,1098.0
46245,558.0
43047,358.0
18839,507.0
22727,555.0
21248,428.0
13973,888.0
38495,338.0
6367,336.0
37177,536.0
15871,1237.0
21158,444.0
27645,563.0
33287,691.0
15290,1972.0
2758,410.0
14644,436.0
24160,429.0
3468,1471.0
8837,763.0
46432,314.0
31094,558.0
34883,354.0
15926,568.0
19972,301.0
21792,1056.0
42912,350.0
27301,2332.0
11783,1424.0
34068,707.0
2420,524.0
24088,347.0
44391,1259.0
32080,328.0
6695,433.0
25933,523.0
2070,462.0
39699,316.0
4445,345.0
34478,747.0
15673,515.0
5571,659.0
46801,305.0
7546,815.0
36736,1644.0
5556,1514.0
42229,794.0
1277,773.0
7383,671.0
39370,875.0
14948,375.0
3210,756.0
32,360.0
26523,509.0
26464,1173.0
19523,449.0
46792,771.0
20953,488.0
46178,322.0
33619,504.0
9224,351.0
10730,524.0
17206,876.0
21010,3015.0
19152,2702.0
6277,405.0
43972,363.0
31560,733.0
26293,621.0
48656,433.0
47886,436.0
47921,344.0
25827,301.0
10453,713.0
27753,339.0
9239,2850.0
10464,575.0
13051,562.0
21759,627.0
42299,542.0
23351,353.0
45010,402.0
44779,573.0
20861,951.0
27281,752.0
42300,655.0
34072,390.0
17418,413.0
6573,303.0
9537,353.0
19728,334.0
19525,407.0
33662,558.0
15890,367.0
45245,744.0
14799,309.0
44320,803.0
3056,529.0
23477,733.0
13374,308.0
41914,395.0
3104,395.0
21455,704.0
33520,829.0
31486,524.0
48702,557.0
34069,3005.0
23229,1666.0
22205,1280.0
12905,454.0
407,1370.0
22876,627.0
1414,697.0
16158,575.0
48057,385.0
31679,580.0
45958,536.0
13080,3000.0
20911,552.0
35462,3115.0
5500,312.0
27699,550.0
37306,306.0
26385,331.0
3652,376.0
88,374.0
31604,369.0
1880,604.0
47530,346.0
28891,3009.0
8311,607.0
29179,393.0
18378,1572.0
5558,1988.0
42037,329.0
20465,545.0
6810,3004.0
41176,519.0
47723,412.0
13792,411.0
3282,1095.0
33764,3014.0
29714,306.0
32107,397.0
17218,1236.0
2092,358.0
46246,464.0
3281,778.0
29569,369.0
8867,2093.0
23002,323.0
32593,508.0
44905,316.0
12360,1081.0
12681,342.0
43607,586.0
36384,629.0
22459,472.0
23403,434.0
19178,576.0
12397,319.0
40186,317.0
31097,376.0
29538,340.0
18435,680.0
49008,484.0
16625,889.0
23497,349.0
38750,421.0
8712,304.0
48361,327.0
33237,408.0
6178,515.0
37967,423.0
42034,392.0
5123,380.0
8713,412.0
2210,347.0
23934,340.0
4986,356.0
40689,661.0
36386,327.0
38901,2715.0
45249,781.0
27417,324.0
43626,309.0
28021,527.0
39397,3044.0
13106,320.0
10682,2264.0
33313,1110.0
6435,677.0
5553,335.0
43495,601.0
13196,1087.0
25446,1865.0
46623,450.0
34031,301.0
29600,391.0
29253,1253.0
31468,404.0
48241,3002.0
10054,318.0
29172,2540.0
45765,608.0
27140,465.0
25678,732.0
29671,396.0
9240,2437.0
22089,451.0
23765,846.0
46941,495.0
32079,387.0
19045,354.0
34570,418.0
33286,1111.0
27104,340.0
3032,397.0
33001,344.0
37340,318.0
38927,656.0
6769,340.0
49453,356.0
39913,1692.0
30815,503.0
43669,2039.0
27854,313.0
37680,369.0
36616,429.0
20178,2661.0
16015,3016.0
3384,472.0
28057,416.0
35694,1206.0
33081,310.0
1406,434.0
48281,320.0
41559,307.0
15695,513.0
44054,3007.0
14928,334.0
11543,412.0
33618,667.0
8845,652.0
7289,320.0
20975,476.0
33873,451.0
31010,399.0
39333,1740.0
8507,308.0
35228,677.0
40388,624.0
48042,582.0
26966,843.0
23764,928.0
3840,421.0
28705,395.0
20916,346.0
15565,332.0
45717,2043.0
18482,312.0
37872,738.0
45814,503.0
44812,552.0
28440,415.0
15567,374.0
41169,810.0
48223,842.0
23230,496.0
14912,306.0
11685,385.0
6427,3037.0
49952,409.0
46480,413.0
14761,435.0
30982,3008.0
48701,437.0
31029,327.0
11001,475.0
47498,519.0
8256,766.0
38113,470.0
7096,916.0
1267,1030.0
10421,1793.0
21159,315.0
24233,481.0
36798,934.0
28128,812.0
41326,1884.0
16037,375.0
21513,644.0
25269,472.0
46942,560.0
17733,475.0
42639,389.0
11308,442.0
31340,322.0
2310,1494.0
13697,3009.0
33582,486.0
20818,319.0
30647,353.0
39563,342.0
45469,3286.0
17674,472.0
15541,986.0
20625,396.0
25673,1009.0
31147,357.0
42136,669.0
5319,460.0
43467,372.0
39368,416.0
16867,792.0
38496,419.0
15872,589.0
48015,3071.0
39835,420.0
27979,497.0
12583,321.0
6649,477.0
38884,410.0
13077,2407.0
42428,425.0
30661,868.0
889,429.0
1514,533.0
16538,1541.0
11696,493.0
7266,624.0
35116,500.0
10051,348.0
32862,538.0
7532,309.0
17562,347.0
23071,307.0
47227,557.0
26381,538.0
31197,324.0
41264,431.0
7120,400.0
25647,348.0
23712,538.0
35914,315.0
46337,384.0
48079,435.0
13696,2501.0
44324,2491.0
28749,600.0
23770,374.0
21454,359.0
42504,441.0
31806,1164.0
12286,467.0
32081,312.0
8227,402.0
1935,435.0
33334,389.0
33275,400.0
8612,1760.0
19535,326.0
11601,347.0
40179,394.0
12921,1689.0
38620,572.0
24749,984.0
14661,610.0
4657,309.0
41393,327.0
1627,362.0
1302,663.0
35207,635.0
6199,598.0
42082,835.0
31253,541.0
20240,347.0
30542,398.0
40758,500.0
28002,2564.0
24528,378.0
30318,307.0
26297,925.0
48942,429.0
26144,421.0
47337,873.0
9979,306.0
1487,383.0
47988,953.0
4129,318.0
5277,337.0
40989,1070.0
36800,838.0
25837,498.0
2217,748.0
43653,561.0
25470,335.0
46179,365.0
41467,311.0
17394,331.0
38497,311.0
3033,345.0
17124,337.0
20701,376.0
33752,615.0
14122,354.0
2101,385.0
11996,678.0
46848,312.0
5572,417.0
17645,459.0
12022,463.0
2145,498.0
13695,3014.0
5735,317.0
18742,3021.0
2290,752.0
43383,334.0
31960,618.0
7829,545.0
31123,461.0
43205,536.0
8767,463.0
32783,724.0
25706,346.0
38161,1221.0
26986,377.0
28053,383.0
33563,315.0
8603,327.0
17207,1512.0
17995,368.0
36626,856.0
20666,1130.0
48293,343.0
43255,944.0
33521,2536.0
24452,321.0
26175,332.0
2091,775.0
18407,1068.0
28379,333.0
32714,301.0
13197,840.0
6505,518.0
22669,381.0
28750,619.0
4971,457.0
33278,521.0
15649,583.0
628,772.0
36799,459.0
47985,551.0
20390,783.0
17521,404.0
17050,2354.0
43226,445.0
20623,379.0
41595,404.0
2216,859.0
39714,321.0
8844,677.0
22750,787.0
11130,633.0
16979,836.0
18009,327.0
8139,2457.0
25179,748.0
29937,337.0
27440,453.0
36952,498.0
32770,837.0
16866,438.0
1194,2314.0
2114,321.0
33342,1115.0
40408,1637.0
37907,913.0
11125,738.0
37007,671.0
16163,837.0
11057,478.0
16570,496.0
12687,431.0
34644,355.0
25881,496.0
39827,515.0
9698,397.0
5803,1141.0
28380,397.0
36532,468.0
19534,505.0
46430,373.0
2144,694.0
36865,369.0
15346,329.0
42449,698.0
36283,956.0
14198,2872.0
12009,437.0
23136,505.0
44903,507.0
28127,1198.0
13732,350.0
12584,562.0
31915,449.0
5504,464.0
33238,486.0
650,357.0
40690,409.0
1775,306.0
25707,746.0
12856,346.0
20156,344.0
38236,373.0
16066,552.0
4970,531.0
14863,1706.0
18115,744.0
40642,1478.0
31251,580.0
39702,564.0
34592,479.0
33622,1325.0
14157,366.0
12273,341.0
41791,615.0
26968,540.0
5283,1536.0
45317,335.0
30402,517.0
4323,372.0
29889,695.0
46405,328.0
9293,909.0
36359,751.0
44801,505.0
20803,475.0
25439,1034.0
15966,312.0
40822,335.0
27118,305.0
5487,418.0
42622,427.0
15870,946.0
27752,476.0
37183,328.0
28820,380.0
41136,414.0
13833,669.0
17934,1389.0
22615,307.0
35610,483.0
4254,1586.0
38185,523.0
10653,316.0
3565,638.0
27850,1615.0
16065,392.0
42170,302.0
49974,392.0
21447,340.0
40407,430.0
7759,457.0
4424,308.0
16612,846.0
46339,444.0
49966,477.0
25569,374.0
12853,327.0
18039,568.0
46338,343.0
8616,1782.0
26690,432.0
25352,1165.0
6304,388.0
22012,324.0
14675,372.0
22081,1880.0
37008,683.0
7786,467.0
30615,340.0
42310,479.0
23684,2753.0
43658,816.0
18497,2409.0
48698,1051.0
2894,325.0
44190,1159.0
47418,446.0
27806,672.0
6953,706.0
25614,1593.0
38926,345.0
43913,597.0
16250,723.0
24983,1167.0
43257,431.0
23427,1471.0
38302,364.0
5560,3004.0
23820,325.0
651,401.0
26644,395.0
16846,420.0
31016,346.0
8476,526.0
15683,309.0
44464,379.0
18602,414.0
32926,383.0
13805,3001.0
11508,496.0
36503,313.0
9235,315.0
22404,558.0
548,339.0
38878,777.0
24232,394.0
42374,474.0
1614,467.0
12500,663.0
1424,394.0
43137,354.0
21947,311.0
6648,857.0
33480,353.0
28019,376.0
33281,310.0
46758,328.0
16130,3001.0
18219,485.0
38305,323.0
46791,766.0
22327,373.0
24119,557.0
41634,1376.0
48514,343.0
35159,390.0
16749,438.0
21007,2537.0
44862,351.0
14663,338.0
32501,579.0
47242,326.0
43665,352.0
32581,771.0
25648,459.0
11020,1032.0
31561,653.0
11357,433.0
25677,737.0
5664,527.0
46779,464.0
5695,424.0
27441,441.0
11431,557.0
49354,508.0
30476,383.0
13267,457.0
39764,310.0
2938,669.0
27139,462.0
17673,772.0
33583,826.0
12356,503.0
26053,958.0
16599,367.0
48650,367.0
33499,314.0
35824,329.0
15461,605.0
22751,945.0
16372,557.0
42632,389.0
42922,3017.0
30251,306.0
6291,361.0
12821,590.0
45293,303.0
8849,689.0
1356,3314.0
17950,326.0
29164,3000.0
11544,2075.0
38748,464.0
28779,3095.0
33613,576.0
26296,708.0
10769,508.0
38279,534.0
21978,346.0
12742,698.0
27662,1060.0
5320,408.0
12721,387.0
18844,3003.0
25535,404.0
45500,1621.0
32227,337.0
41881,626.0
39836,533.0
33627,610.0
32919,2102.0
20194,811.0
27115,415.0
10507,892.0
36279,334.0
4324,412.0
22636,584.0
